id,target
2306.17743,3
2006.09518,2
2006.01191,4
1303.7050,4
2204.10663,1
2103.03980,4
2303.16422,4
2310.17003,1
2402.07322,4
2011.06593,1
2204.01700,1
1403.7925,3
1811.09932,2
2010.10862,1
1311.1496,1
2112.11727,3
2206.03608,2
2311.07628,1
1406.4322,2
2006.12296,4
2305.05663,2
1910.02779,1
1410.3991,3
chao-dyn/9704003,3
2103.03237,4
1801.06077,2
2208.09148,4
astro-ph/0111061,3
1204.4025,2
1505.05639,2
2012.14820,4
1612.03274,3
2008.10085,1
1212.4279,2
1606.08377,1
2204.04251,4
2302.06799,4
1002.4437,3
1309.7222,2
2304.00291,1
1406.5741,3
2110.15025,2
1705.06557,2
2306.13681,4
1608.01535,2
1603.01308,2
1911.07085,4
2106.01340,4
1408.6616,1
2107.11791,3
2401.16458,2
2106.12727,4
1606.02801,1
1401.2982,2
2210.09485,1
1001.3978,3
hep-th/9511214,3
astro-ph/0106150,3
2002.08470,1
1506.07286,3
2004.05726,1
math-ph/0302019,3
1912.07120,4
1406.5144,3
2309.13766,4
1902.10604,1
2402.16724,2
2005.01103,4
hep-th/0101217,3
2009.04171,4
1903.11004,4
1206.6787,2
2205.13472,3
0808.1904,3
1008.3937,3
2102.04160,2
2205.06132,4
2002.02271,2
2010.02129,1
2102.03039,1
2309.07363,4
2307.05054,4
1310.4387,1
2312.10543,1
q-bio/0608030,1
1712.09978,2
1801.07660,1
1512.01742,2
0712.4381,1
2106.12928,4
1711.10031,4
1802.10244,2
2303.00882,1
2011.05381,2
0911.0113,2
2002.07117,2
2210.00048,4
2310.11023,2
1612.04649,3
1809.04853,4
2304.06315,1
hep-th/0305027,3
q-bio/0506011,1
1901.00769,4
quant-ph/9506023,3
1811.04170,4
2403.03598,3
2309.01096,4
1710.01335,3
1805.10530,3
2402.18324,4
2101.04113,2
2106.05024,4
1408.4848,2
2306.01749,2
2006.13420,4
1904.12085,4
1802.08825,4
2006.01808,4
1105.1013,3
astro-ph/0404401,3
1803.11274,1
1908.02226,3
2307.02170,1
2002.07964,4
2402.08071,2
1910.01618,1
2304.09964,3
2305.14029,4
2302.10140,2
2208.12266,1
1802.01540,2
1909.05909,1
2210.09046,3
2111.03157,1
1907.08690,3
2111.01301,4
hep-ph/9709472,3
2110.01105,3
2204.09680,1
1811.03588,4
1603.07041,4
2301.07855,4
1408.5951,2
2307.06174,4
1608.07244,1
1912.06533,2
2006.15309,4
1608.02475,3
2103.07200,4
q-bio/0502013,1
2306.17773,4
2006.02989,3
2303.14590,1
0707.0717,3
hep-ph/0412328,3
2010.11644,4
2212.03704,4
2006.14499,2
1112.1391,1
1606.08984,2
1805.04048,4
2202.10157,1
q-bio/0508012,1
1306.4220,3
1801.06425,2
1712.05470,4
1602.03944,2
2104.14054,4
1401.5049,1
1812.03453,2
1510.03928,2
2211.10442,1
2402.14486,4
1205.2302,2
1506.04227,2
1307.2181,2
2307.07443,1
2004.08807,1
1606.00627,3
1312.0514,2
1805.06855,4
1311.2707,1
1811.07294,2
1809.02303,4
0909.4730,2
2402.04765,2
2103.14351,4
1809.08889,4
astro-ph/9609010,3
2303.05636,4
1506.08743,2
2103.01368,4
0907.1810,3
1808.08995,4
2012.01257,2
2110.01117,1
2206.04350,2
cond-mat/0603237,3
2205.11012,2
2007.14941,1
math/0612075,2
1507.08333,2
1806.05542,2
1807.00683,3
1409.4890,2
2109.08109,4
1806.09517,4
2005.00495,1
1810.02454,4
1812.01707,2
q-bio/0702005,1
1512.08792,2
2206.01728,1
2002.09014,4
gr-qc/9804039,3
1111.2169,2
0904.4074,2
2303.01601,4
1712.09854,2
1110.6045,3
0804.0533,3
2008.04401,4
1305.5656,2
q-bio/0602013,1
2311.17067,1
0901.4914,2
0802.0795,3
1005.2121,3
1502.00218,2
1611.06666,2
1911.10149,2
0804.3976,3
2007.02739,4
1611.08844,1
2209.07330,4
1804.10957,4
1608.04972,1
1612.09499,1
1802.00793,4
1401.3518,1
0810.4355,1
1711.10303,2
1805.06245,1
1912.03538,1
2402.17153,1
0912.4013,3
2304.03073,1
2007.06262,2
quant-ph/0501178,3
2303.14298,4
2303.11414,2
1905.10103,3
1504.07786,3
math/0610219,2
2205.03926,4
2109.10676,4
2207.00800,4
1503.06354,2
2302.02866,4
1304.0132,1
1308.5376,2
1605.06086,1
astro-ph/0410385,3
2111.15320,4
1607.06163,2
2311.06811,4
1505.00835,1
1901.01898,4
q-bio/0309017,1
1010.4710,1
2403.06246,4
2005.04955,2
0802.4311,2
2305.04231,4
2402.09744,4
2308.01121,2
cond-mat/0507378,3
2002.02107,2
2001.01998,2
1806.00646,1
2009.00619,3
1606.09504,3
2012.12945,2
0910.4469,1
2307.08370,1
cond-mat/0004330,3
1204.2638,2
2006.01212,4
2102.04384,4
2109.01725,4
1002.1889,2
1506.03564,2
2312.04428,4
1612.06107,3
astro-ph/9404046,3
2304.11920,1
1308.5064,2
2308.11828,2
nucl-th/9811093,3
2009.12129,2
2111.11963,4
q-bio/0611075,1
2103.09411,4
1110.0218,3
2107.06312,4
2009.13961,4
1610.02940,2
2211.05859,1
2103.00600,2
1501.07480,2
1712.03448,4
1711.03875,2
1309.5319,1
2004.06289,4
2312.14997,1
1810.01370,4
1710.09689,1
1706.09365,2
2202.06490,3
1701.04260,2
2004.09591,2
1301.5425,2
physics/0210077,3
2002.05232,2
1908.09095,3
2302.13997,4
2311.01625,1
1602.09071,2
2004.03414,4
1103.0807,3
2107.05097,1
1008.5390,1
2402.06765,4
2310.13240,4
2005.01001,1
2301.13255,2
1207.5815,3
2110.15446,4
2005.01200,1
2301.07394,1
1312.4038,1
2311.13969,4
2102.05338,2
1907.04272,4
cs/9810012,1
0904.1067,2
2112.06811,4
2205.03583,1
2204.07884,1
0808.2516,3
q-bio/0508019,1
2301.04244,2
2009.13424,3
1709.08090,2
astro-ph/0301023,3
1808.05954,3
1503.00727,3
1406.6734,3
2101.10431,4
q-bio/0406013,1
1806.03467,4
2111.00061,4
1611.00970,2
2112.14265,4
1812.01723,4
2007.03453,2
2304.02180,2
2401.03607,4
2002.05789,2
2111.10335,4
2005.13890,2
1804.09775,3
1407.1343,2
2010.12470,4
2210.10492,1
2210.16899,2
quant-ph/0602105,3
1310.8598,1
2103.05880,2
1903.08341,4
2105.03323,1
2110.00600,1
1304.1186,2
1408.1227,3
2401.06179,2
2107.00272,1
2306.07619,4
2102.07742,4
2101.06266,1
2008.00254,4
2205.15750,4
cond-mat/9503010,3
2207.07227,2
2307.10660,4
2402.02535,4
1003.3942,3
2103.10925,2
0801.3380,1
1503.01624,1
2012.00074,3
q-bio/0507041,1
2109.07932,4
2002.07566,2
1309.7374,2
2209.03307,2
2205.07468,3
1706.00013,3
2302.02826,1
2311.18164,2
1311.1785,1
1304.0923,2
2109.03026,3
2209.01023,1
2108.00480,2
q-bio/0410032,1
2104.11594,2
cond-mat/9610162,3
math/0702249,2
1701.00082,1
2308.16627,3
2009.01269,1
2110.07117,1
1910.13633,4
1607.08287,2
hep-th/0011017,3
2011.12781,4
2105.14081,4
2402.13418,1
2302.14234,4
cond-mat/0602187,3
2103.14798,3
1609.08520,2
2005.10739,1
2212.07809,1
2204.11069,2
2302.09421,4
2005.00913,1
1707.02087,2
2004.01304,2
1510.08549,3
2111.04740,1
2109.02933,2
2202.03351,4
1503.01133,1
2005.10574,3
2106.03070,4
1302.6629,2
1811.02727,4
2206.05134,2
astro-ph/9912442,3
1610.06211,3
1912.09308,3
2302.11250,2
1911.06872,4
2111.15367,2
2304.14357,3
2308.13850,2
1506.00597,1
astro-ph/9908091,3
2310.03058,1
0709.2472,3
1610.00999,2
2006.06519,4
2401.03282,3
1104.1542,3
2010.03580,2
2008.05519,2
1909.05093,4
2111.00822,4
1808.02157,1
1104.0543,1
1902.03714,2
2106.06638,1
1210.4900,2
2211.00750,1
2007.06414,1
1304.6116,4
2007.04050,4
1601.00566,2
1301.4173,2
2201.00404,1
math/0211383,2
2306.03816,4
2204.04860,4
2306.03539,1
1402.5094,2
1903.05189,2
1812.10479,2
cond-mat/0201545,3
2112.02269,2
1804.05667,2
1809.08286,3
0809.1369,3
2007.07065,4
2011.09607,2
2004.07328,3
2009.03361,4
astro-ph/0211351,3
2301.08958,4
2306.13362,4
2402.10592,4
1202.5983,2
1009.5800,2
1801.07649,1
2110.04787,4
2305.06488,1
2310.20415,4
1802.07405,2
1711.10898,3
2104.09942,4
1907.10098,3
2008.10184,2
0708.3288,3
math/0202298,2
1707.05596,2
1805.04225,4
2211.12095,4
1312.7749,1
2205.11486,4
2305.11282,4
2008.07836,2
2305.02561,4
2212.09812,3
1608.00756,2
1109.5247,3
2304.02094,2
2401.14049,1
2105.12727,1
1505.01356,3
2311.02467,4
2303.11976,4
2109.15062,4
1612.06654,2
1810.12511,4
2206.14935,3
2102.00167,4
2311.07010,4
2211.00921,2
2309.04168,3
2105.06390,2
1712.09092,2
0905.3928,2
2312.16448,2
1706.08131,1
2207.00139,3
1301.1471,2
2010.00086,3
2111.10472,4
2008.05217,1
0907.0492,3
1310.4097,3
1312.0166,3
1111.5739,2
2305.03153,1
2004.03165,2
1910.07015,4
2107.09235,4
1712.03732,3
hep-th/0211090,3
1504.03074,2
2208.05093,4
1602.06177,2
1509.01218,2
0707.3824,3
1511.04470,1
cond-mat/0601445,3
2102.11686,4
2109.07825,3
cond-mat/0111591,3
1406.4297,2
1410.8427,2
2305.11772,1
0902.2199,3
1508.07534,2
2403.04328,4
cond-mat/0203439,3
1903.01637,4
2307.00459,2
1512.07087,2
2111.06941,4
1206.2153,2
2310.11861,4
physics/0306097,3
2008.04068,2
1609.01384,1
1103.2373,1
1002.2741,2
1401.8026,2
1607.05514,2
2207.04736,1
1209.4175,2
1706.00263,2
2402.14952,4
1811.11804,1
q-bio/0405022,1
1510.05510,2
2011.06158,4
2312.05593,4
0710.1570,1
2206.01685,1
2209.01790,4
1701.05004,1
1806.01410,1
2003.12191,1
1610.09940,3
2105.08786,4
2112.14805,3
2402.14005,4
2106.00288,2
1408.3692,2
0907.2926,2
1206.4506,2
1409.1500,3
2202.12591,3
2005.02419,3
1703.00953,3
2312.12741,4
2005.04055,1
0907.4964,2
2307.01284,4
q-bio/0602008,1
1911.03380,2
1006.2909,2
2109.10814,2
2111.00076,4
2203.08223,2
1601.04974,1
2210.07955,2
0805.3981,2
1808.03364,4
2105.02217,1
2002.11211,4
2403.08145,4
2209.09680,1
1108.0099,2
2308.00563,1
2005.02505,2
2105.12342,4
1412.4428,2
2305.14356,1
hep-th/0312194,3
2310.05246,3
2012.06481,4
0801.2976,3
1306.1652,1
2305.01435,4
2201.05312,2
2105.05335,4
1103.5978,2
2211.11915,4
2208.08693,4
0803.2684,3
2207.02943,4
2003.13902,1
2201.01182,4
1503.06926,2
2107.11972,2
1911.13025,4
0802.1288,2
2402.17359,2
2401.05517,4
2402.14264,4
1702.06191,2
2308.10831,1
1211.3468,3
1811.00122,2
1512.07256,2
2101.12538,3
2202.01079,1
math/0609170,2
2109.05529,4
2305.04703,2
2004.01411,4
math/0612691,2
2209.07596,3
1106.4509,2
1112.1679,1
2206.03246,2
0903.4027,1
2107.06605,2
2307.04070,4
1104.4716,2
2007.00581,3
2010.06417,2
2004.04281,1
1803.08663,3
2010.09682,1
2103.15561,1
1407.7997,1
2111.08664,4
hep-th/9410222,3
1910.14292,1
1602.08258,2
1008.0556,3
2310.01571,1
1911.02918,4
physics/0512232,3
2010.08771,4
2302.08815,1
1603.08216,2
2109.01450,1
2309.04498,1
1403.7486,1
1304.5065,2
1701.04780,2
hep-th/0308055,3
0907.0941,2
2112.14247,2
2105.12298,4
2105.09749,3
2110.00032,4
2402.10574,4
2104.04327,4
2203.10683,4
2009.04408,2
2010.01844,4
2112.05671,4
1012.4118,2
0904.0330,3
1702.00037,2
2212.10917,2
1703.08605,3
1507.08747,1
2209.08778,2
hep-th/0106021,3
1712.08973,4
2302.07413,4
2111.09910,4
1901.02995,2
2402.06880,1
2206.03461,1
2106.08991,1
1010.2438,1
2005.06630,1
2202.02532,4
1911.06159,2
2310.00049,3
1510.04230,1
2203.15646,4
cond-mat/0612448,3
2005.11908,1
1510.04370,2
2011.03339,2
1703.07461,1
2112.03972,1
1304.6098,1
2212.03683,4
1912.12213,4
0712.3428,2
2208.03719,4
0806.1177,3
1402.0632,1
2109.04001,2
cond-mat/0601086,3
1501.01504,2
2401.10054,4
1607.04064,1
2205.07400,4
2208.12530,2
2204.13265,2
2312.16637,2
0704.0335,2
0902.1559,3
1302.3319,2
hep-ph/9809572,3
1611.03519,3
2305.19154,1
1601.06979,2
2211.04752,4
2012.07906,3
2403.00772,2
1611.06637,3
2007.08877,3
2302.00281,4
2312.15320,1
1907.11622,2
1208.2878,2
1711.06412,3
1402.1844,3
q-bio/0701011,1
1904.11548,3
1905.10176,4
2309.05783,2
1902.03121,1
1904.01096,1
1212.1877,2
1704.08175,2
2005.01394,3
2310.07607,1
1609.07472,2
2302.13298,1
1711.03612,3
2108.11755,2
2009.10609,1
hep-lat/0409064,3
1802.07799,3
1603.01488,1
2201.07319,4
1012.2322,1
1310.8604,2
2105.12807,1
1807.04642,3
1102.5075,2
1801.05947,2
2309.16679,2
1708.07260,1
1111.4954,1
1912.08711,1
0710.4913,3
2301.02937,4
1809.01342,2
1012.6019,1
2105.10430,2
1703.05826,1
1308.6546,1
2004.06095,3
1409.7827,1
1908.09190,3
1004.1489,2
2002.07307,1
1107.1192,3
1901.11355,4
hep-ph/9306283,3
q-bio/0312008,1
2301.13775,4
1307.5617,2
0907.4289,1
1508.02419,3
2007.06602,1
2309.16994,1
cond-mat/0012007,3
2008.07063,4
0710.3554,3
2212.12623,4
2009.14367,4
1303.6192,2
2208.09325,4
2305.19427,3
1403.0869,1
2001.08906,2
1902.01574,1
2005.10314,4
2209.10458,2
1507.02198,3
1201.6340,2
1710.11432,2
1501.03507,3
1311.6027,2
2106.03156,4
1302.4693,1
1701.04565,2
0909.4089,2
2010.11515,2
math/0703834,2
1705.02933,2
1912.13094,1
2005.07704,1
2102.09380,1
2102.00611,1
1710.03222,4
2307.09844,2
1005.0182,2
1305.4963,1
1207.4300,2
1410.5955,2
0812.2604,2
2308.16200,4
1110.0561,2
1501.00026,2
2206.02788,1
1912.06323,3
2203.03044,4
1612.05229,2
0906.4614,3
2004.05389,3
2306.11896,3
q-bio/0407007,1
1807.08507,3
0810.3221,3
0811.3885,2
2307.10067,4
2206.05425,2
2311.15458,4
astro-ph/9911352,3
1909.00011,3
1708.01444,1
2110.11399,4
2301.05733,4
2110.13701,2
astro-ph/0608571,3
2204.12914,2
1906.07533,2
2308.14473,2
cond-mat/0410303,3
2003.10059,4
1901.00617,2
1807.10374,1
cond-mat/0510287,3
1806.04517,4
2205.14838,4
2112.15114,4
2003.02035,2
quant-ph/0010114,3
1705.00827,3
2309.14581,4
1005.1862,2
2003.05057,1
1807.00377,3
2112.11320,4
1308.0773,2
2012.05791,3
1711.06403,2
2110.05107,4
2111.07633,4
2106.13839,3
1411.7468,1
1410.0069,3
2012.08351,2
2210.17030,2
1807.05477,4
1307.3904,3
2202.09845,2
2311.04396,3
2304.12698,4
1010.5496,1
2002.08531,2
2106.03560,2
1711.00342,4
2006.02467,2
1305.1747,2
1801.07724,3
2007.09213,4
2208.06355,1
hep-ph/9811365,3
2106.04636,4
2112.04565,4
2312.15494,4
2207.11328,3
2204.01683,4
2011.11023,4
2306.01745,1
1301.2839,3
1005.3799,2
0710.2744,3
1701.05016,2
1707.09587,1
2312.04417,4
2004.12162,4
2012.08223,4
2004.12011,2
2011.00373,4
0904.1107,2
hep-ex/0606008,3
2401.17595,4
1708.02786,2
1807.02099,4
1411.6345,1
2003.13317,2
1801.02783,4
1009.0769,2
1411.6507,4
2211.13847,4
2302.08840,1
2212.13226,4
2308.02274,4
1412.0542,2
2304.01385,4
astro-ph/0205249,3
math/0307197,2
1101.5814,1
2401.04050,4
2101.02731,2
2006.07201,4
hep-ph/0306284,3
1904.13026,1
0705.1435,1
1612.03066,2
1301.6237,1
1810.07620,4
2003.02402,3
1704.05906,1
1612.02567,2
2310.11962,4
2302.14396,4
2002.01982,1
1808.05996,4
math/0612181,2
2205.07388,4
2002.08849,2
1611.02952,2
0905.3353,1
1907.11984,2
1703.09994,1
2005.00900,1
2401.04681,3
2303.02645,4
2006.11061,4
2208.08348,4
2103.01307,1
2401.03305,2
1904.00749,2
1801.10477,3
2102.08994,4
1504.00446,3
cond-mat/0404654,3
math/0607212,2
1912.06610,1
2006.07456,2
1312.2048,2
0812.3946,1
1901.00405,1
2309.03033,1
2109.11752,1
1612.06548,3
1309.5158,2
2302.08253,2
1010.1212,2
1710.02435,2
2201.13094,2
1910.01490,2
2110.06551,4
1808.03129,4
2311.14434,1
1908.08777,2
1409.6970,3
2311.16333,4
2012.11104,3
1903.02124,4
1207.6081,2
1405.1326,2
1003.2930,2
1412.0780,1
2001.11502,1
2106.16240,2
1506.06359,1
1612.07543,2
1312.6639,1
2008.06564,4
2402.08223,4
0910.3940,3
1312.6077,1
0801.4190,1
1709.03611,2
1002.3627,2
2003.10073,1
1407.4615,3
2107.12872,2
2402.03051,1
1712.03501,3
1905.04852,2
gr-qc/9711089,3
1506.02424,1
2402.00184,4
2110.04849,4
q-bio/0510047,1
1001.5387,3
1506.04869,2
1406.5486,2
2308.09535,4
1002.1234,3
2312.02446,3
1706.07759,2
2204.01215,4
1104.0727,1
2002.07285,4
0903.4794,3
2307.06400,2
2301.11763,1
1311.5099,3
1512.08381,2
1701.02770,3
1812.11297,4
1504.06397,2
0910.0839,3
1408.4618,2
0805.0122,2
2010.05909,1
0802.1339,3
2104.09157,4
1812.04162,1
1505.05410,1
hep-ph/0603123,3
1307.7070,2
1610.08767,2
1504.01132,4
q-bio/0509030,1
0809.1516,2
1510.03506,3
1701.02985,3
2308.05668,4
1511.06546,1
2101.04308,2
1907.08319,3
0904.3534,1
1911.02688,4
2208.09638,4
1001.1184,2
cond-mat/0403491,3
0711.3153,3
2301.07386,1
cond-mat/0206347,3
2211.02249,4
1612.05952,2
2311.00287,1
2110.13467,2
2301.00648,2
2004.01502,2
1902.10743,2
1912.07466,4
1807.03034,4
2212.04219,1
1405.5795,1
2202.05192,4
cond-mat/9407036,3
2002.02412,3
1302.7246,2
2103.06483,4
2111.02300,4
2107.14405,4
1304.2960,1
2308.11238,4
1905.12788,4
2208.11805,1
1612.09595,1
1008.1460,3
hep-ph/0506257,3
1807.06927,4
1607.03955,1
1605.08373,1
2005.12572,2
2310.14937,3
1612.04370,2
2203.11820,4
physics/9805025,3
2307.10194,1
1310.5540,2
2205.12714,1
hep-ph/9404344,3
2201.11070,2
1806.06894,1
2303.08633,4
1302.5339,2
1911.11711,3
hep-th/0309143,3
2109.03546,4
2101.08385,1
2103.03286,4
2006.08058,1
1906.11224,4
1404.2133,1
2201.03689,3
1006.0519,1
1309.7696,1
hep-th/0203110,3
hep-th/9807061,3
0812.2381,3
1207.2316,2
2204.08723,4
1812.10293,4
0906.3654,1
cond-mat/0612420,3
1912.04774,4
gr-qc/0506020,3
astro-ph/0305385,3
1507.07649,3
1510.01679,2
2208.07232,2
1910.06766,3
1808.04265,2
1811.10690,4
1701.03473,3
2403.01912,3
1212.4126,2
1602.07910,2
2008.07886,4
2309.03348,1
2206.04902,4
1508.04348,2
2207.12805,1
2212.09001,3
cond-mat/9810105,3
math-ph/0504069,3
2102.00499,4
2205.00032,4
0903.5143,3
1011.1009,3
2011.03123,1
2109.10028,4
1810.09521,2
1710.00643,4
1405.6976,3
2005.03051,1
2312.17167,4
2212.08379,1
2007.03565,3
1310.7148,1
1809.05708,1
1701.03498,3
2005.01707,2
2206.05465,3
0804.2871,3
2107.11742,3
1705.03724,2
1904.11583,1
1301.0719,2
1112.3357,1
2206.05006,3
hep-ph/9605361,3
2011.07655,2
2107.02429,1
2307.15402,2
1110.5594,2
1702.08184,3
1807.11585,4
2008.11558,2
2209.05563,4
1202.0447,2
2007.05365,3
1801.01792,4
2001.06884,1
2307.14218,2
2208.11515,1
2206.14430,4
1810.02390,2
1707.00759,1
1703.09447,3
1804.06721,4
1009.3329,3
2005.12832,4
1704.06697,2
1302.2988,3
2305.03814,1
physics/9712015,3
math-ph/0501035,3
2009.13390,2
2011.02000,1
hep-th/0412053,3
1212.5932,1
2202.00662,2
1405.2467,3
physics/0003010,3
2112.09244,1
1501.06861,3
2211.06830,4
0808.2850,3
2001.02441,1
1102.3582,2
1411.4265,2
1902.01497,4
2307.01686,4
2206.07831,2
2005.05954,1
2201.07069,4
1410.5068,2
1907.05037,4
1510.00198,1
1406.7606,2
1611.08956,1
2103.06740,4
quant-ph/0208071,3
1008.2292,2
2203.01425,4
1502.01718,3
math/0510333,2
2311.12761,3
2312.14903,2
2308.08760,2
1705.02019,1
2105.07097,4
1905.12495,4
2205.09372,3
2206.06318,4
1401.6955,2
1607.03205,2
2011.07051,4
2001.10605,1
2212.14185,4
2311.14698,4
1609.00838,1
2009.02642,4
2310.19314,4
1801.00364,4
1510.04525,3
2208.13760,4
2401.12475,4
1706.05291,2
1503.00263,3
2103.16679,3
2202.01661,4
1809.09527,4
1501.01265,4
1803.03573,2
1804.10161,3
cond-mat/0702574,3
1703.10683,1
1303.6183,2
1806.05939,4
1605.00745,3
hep-th/0401180,3
2205.13658,4
0908.2778,1
2102.07372,2
2101.00065,1
2012.11679,4
2109.02603,4
2304.01025,4
2208.10183,2
1908.01171,2
1101.0791,3
1701.03111,3
astro-ph/9710188,3
1804.05219,1
2401.13132,4
1104.2449,3
2204.03728,1
0808.2660,1
1902.00056,1
2301.13410,4
2002.05670,4
1306.4021,1
1909.08047,2
2112.06807,2
0901.3404,2
2009.03719,4
2007.03573,2
1506.08054,2
1705.01069,2
1812.07116,3
2103.16800,2
2206.09883,4
2209.00417,4
1506.02074,2
2203.03751,4
0905.4755,3
2105.03254,1
2211.02743,4
1312.3509,3
2212.05866,4
1004.2672,3
hep-ph/0409202,3
1904.03356,2
2302.03185,4
1610.05608,3
1503.08710,3
2212.08219,4
1709.06517,2
1912.08772,4
1403.4264,1
1410.0852,2
q-bio/0510014,1
2401.03443,2
1602.02739,1
2306.04494,4
2107.00814,1
hep-ph/9704413,3
2307.10649,2
quant-ph/0410024,3
1806.07314,4
2301.06568,1
2210.01031,3
2208.02194,1
2307.02582,2
2402.06024,4
2310.09174,3
1908.08647,1
2205.04347,1
2301.12420,2
2306.12659,2
2307.11857,4
1504.01857,2
2005.01625,1
2106.08988,1
1011.2188,3
2002.04101,4
1804.11054,1
1111.4414,2
2309.10823,1
2105.10677,4
1904.07952,1
hep-ph/9506357,3
2003.00694,3
1902.11236,1
2009.06910,2
2007.04055,4
q-bio/0311022,1
2306.05514,1
2210.10539,3
2003.11181,4
2304.06859,2
1803.08218,4
q-bio/0601051,1
2006.15054,2
1510.03867,3
1102.0346,2
1810.06696,2
2110.10866,1
1407.2480,1
1512.06999,1
1710.05914,1
1912.02231,4
1101.3572,2
1608.05552,1
1102.5287,2
2011.04306,4
1809.03600,4
2402.09033,4
2009.08296,1
1203.5581,2
1908.05214,1
astro-ph/0104464,3
2011.14219,4
2201.05893,4
2403.08102,4
2009.13690,1
1604.05404,2
1611.09926,2
1908.09409,3
0709.1696,1
1608.05585,2
1705.00153,1
2207.14379,2
1905.01693,4
2208.00552,4
2211.01575,4
1308.3402,1
astro-ph/0403648,3
2012.06556,1
2008.07335,4
2208.02564,1
1903.10075,4
2304.11586,2
1303.3259,3
2008.01810,1
1906.03257,3
1311.3019,2
2205.08438,1
quant-ph/0112106,3
1909.00344,2
2402.11881,4
1004.0213,2
2109.10567,2
2101.04771,4
1407.6029,1
2402.08941,4
q-bio/0403015,1
2007.07998,2
2108.03382,4
1709.09334,4
2103.03635,4
2107.12462,2
1609.02349,2
1505.00751,3
1712.07535,3
2210.16363,1
1807.05126,2
0911.2992,2
1708.04281,2
2112.11751,4
1604.04654,1
q-bio/0611057,1
1209.1238,3
1103.5666,2
0709.3049,1
1410.6478,3
1911.05307,4
2110.02206,2
1807.09143,3
1105.5503,2
2106.13350,4
2006.05308,4
2109.13177,4
2012.14432,4
2102.02612,2
1606.04139,2
2001.07701,1
2312.02248,1
2301.04776,4
1304.7791,3
0801.3577,3
2011.00938,4
2312.04045,2
2011.08620,2
0711.3934,3
0809.4180,3
2101.04322,3
1611.02961,2
2006.00160,4
hep-ph/9703280,3
2105.02828,4
2212.06027,4
2101.07107,2
2212.05348,1
1905.02061,4
2308.14952,4
2208.10469,4
1402.5332,1
1904.02934,4
2009.00557,2
2309.01889,4
0808.0568,3
1711.00967,1
1905.02853,1
2006.15780,4
hep-th/9611139,3
1902.04771,3
q-bio/0403024,1
2003.10978,4
2312.15999,4
0712.1832,3
2010.03606,4
2209.04426,4
2312.01412,3
1708.08160,1
2311.06519,2
hep-ph/9804443,3
2109.00148,2
1604.02237,2
1908.10014,2
1708.08708,3
1805.12066,2
2009.03394,2
1703.03152,3
1710.03161,2
1904.13257,2
1508.03526,1
2211.10235,4
1705.08536,2
1610.00452,1
1208.2068,2
nucl-ex/9903001,3
2207.06023,3
1601.06528,3
1105.5954,2
2001.00465,2
cond-mat/0208171,3
1707.04980,1
1108.0407,3
1404.4116,1
1504.08136,2
0806.0856,1
2208.00765,2
1911.03764,4
0901.1219,3
2204.02073,4
1702.00144,2
2203.00839,2
1808.07924,4
1707.03516,2
2306.04177,4
2403.01442,4
1301.3531,2
2311.10935,2
2112.03096,4
2106.08496,4
2307.11133,1
1804.00232,4
physics/0108065,3
2302.03855,4
1608.00814,2
1903.09867,4
2110.15239,2
2103.13199,4
2011.11546,1
1607.01207,2
2212.09473,2
2002.02097,4
2303.02211,3
astro-ph/9810406,3
2204.01884,4
2007.11887,4
1905.12176,1
2205.11295,4
hep-ph/0311327,3
1707.00203,2
1406.2573,1
1801.01205,2
1804.03674,4
1804.10589,3
1109.1462,1
2004.07900,4
2209.01034,1
1110.4700,1
2308.13374,3
2304.07017,1
2302.13937,4
2205.01455,3
1803.11494,3
hep-th/0106182,3
2106.06028,2
cond-mat/0308160,3
2310.07865,2
1407.5278,2
2111.05072,2
2002.06702,4
2311.02537,4
1909.05244,4
2007.08396,4
2305.10162,1
2211.05818,3
1412.1929,1
2302.00319,1
2006.08682,2
0812.2444,2
2202.10265,2
2005.12287,3
2101.01254,4
1504.04296,2
1405.3563,3
1402.1553,1
1409.1620,2
2307.00413,4
2106.15407,1
2208.12067,2
2202.06479,4
0903.4478,2
2401.16844,4
1904.03328,1
1102.5525,2
1912.11059,2
2403.05850,4
hep-ph/9212249,3
1911.11819,2
2401.11912,4
2005.09119,3
1512.05463,1
2301.11655,3
1706.03832,3
cond-mat/9812273,3
1302.1965,2
cond-mat/0507041,3
quant-ph/0205123,3
2108.08152,3
1508.03924,2
1601.04511,3
0804.3098,3
2208.02127,1
quant-ph/0509131,3
1502.02352,2
astro-ph/0602257,3
2102.03239,4
2301.08742,1
2004.05346,3
1511.07977,1
q-bio/0611080,1
2007.01344,1
2206.14711,4
1112.2940,2
2011.01098,1
1406.6620,2
1712.02282,4
2010.05087,4
nlin/0204010,3
1912.10774,4
1507.00250,2
1901.10596,1
1711.07677,2
2209.12703,3
2303.07008,4
1604.08916,1
2003.11471,2
2108.06655,2
1505.03526,3
1212.4469,3
0907.5510,3
1903.06334,2
1710.06350,2
astro-ph/9807164,3
2009.01700,3
1909.08556,1
2110.12221,1
2110.12499,4
q-bio/0701003,1
2301.12330,3
2401.04512,4
2101.09394,4
1001.4098,2
2106.00091,4
0706.0418,1
2205.10844,4
2301.10044,2
1011.5899,3
2306.03237,2
q-bio/0408007,1
quant-ph/0102106,3
2212.13895,1
2007.11781,2
0706.0039,3
2006.08447,1
0711.3253,1
1905.12705,2
1610.03718,2
1712.05840,2
q-bio/0512042,1
2111.02068,1
2301.10397,1
2312.00522,4
1104.0091,3
2108.02419,2
hep-ph/0612207,3
1411.5954,1
1907.12093,2
2005.14477,3
2112.08164,3
2009.10764,2
1603.02438,2
hep-ph/9501335,3
1108.0945,2
2103.01570,2
1507.07870,2
1905.06037,4
1803.07138,2
2009.01517,4
1312.0424,2
1909.05137,1
2207.13126,4
2401.07178,4
2310.19788,4
1911.09511,4
1811.10109,2
2001.06281,4
1607.07197,2
2402.01820,2
2302.09756,4
2207.02359,2
2205.06583,4
2309.03532,4
2007.13103,2
1312.0153,3
hep-ph/0206295,3
2302.08731,2
1306.2820,2
cond-mat/0402673,3
1401.7492,1
2206.00610,1
1407.2660,3
cond-mat/9803245,3
0911.2364,3
gr-qc/0306083,3
2102.12517,3
2107.07206,2
1501.02287,1
2109.12337,2
2004.09318,4
1306.1378,2
1304.3814,2
2001.02744,1
2106.15365,1
1105.2900,2
2209.06337,1
1009.4263,3
1101.5376,1
2212.02178,4
2303.10514,4
2310.17571,4
1304.3350,2
1506.04698,2
1003.4881,2
cond-mat/0302384,3
1512.01175,3
2108.07455,4
1308.6756,2
1308.6120,2
2110.01427,4
2002.06809,3
1302.2194,3
1605.09282,1
2301.13152,4
2401.15205,4
2106.09978,2
2106.12332,4
2303.00889,4
0909.5040,3
1409.6661,1
gr-qc/0009088,3
2401.09233,2
1912.09273,2
2105.00448,1
2311.11672,2
0708.0588,2
2309.13096,2
1912.09179,3
2211.07375,1
0904.1653,2
2003.00905,3
2403.04939,3
1602.07922,3
2402.09793,3
1801.06296,4
1007.0805,3
2107.00909,4
2304.07471,3
2012.12961,1
1403.7680,2
1610.07894,4
2112.13414,2
2006.11976,2
2204.07474,4
2206.02716,1
1412.7172,4
2205.01639,2
2106.05536,4
1809.02433,2
1704.07259,1
2112.05336,3
hep-th/0304228,3
2003.09255,2
cond-mat/0005046,3
2008.09177,1
1306.5962,3
1609.08213,1
2101.08813,2
2401.04579,1
2202.07517,4
hep-ph/0412229,3
1209.1791,2
q-bio/0603003,1
1001.2966,3
2207.02458,2
q-bio/0611019,1
1912.10060,3
2101.02970,3
2110.01873,4
2307.08651,2
1602.03862,1
2102.03900,3
2110.03689,1
2210.03013,3
2401.12457,3
1108.4059,1
hep-ph/9505339,3
2205.07579,4
2310.09529,1
1703.06496,1
nlin/0201031,3
2207.00330,1
1406.7586,3
1309.5094,2
1912.13249,4
2202.00871,2
math/0110103,1
2304.00735,3
2005.10154,2
1206.0713,3
2004.06586,2
2401.11046,4
1703.00259,2
1103.5973,2
2106.09979,1
1712.08760,3
2307.05122,4
2205.00573,2
1408.2794,2
cond-mat/0208284,3
1111.5228,2
2012.08988,4
cond-mat/0607501,3
1812.03475,4
0901.1315,2
1807.07593,1
1306.3292,3
2208.12541,2
2106.14077,4
2007.10432,4
1407.2995,3
1406.2447,1
2402.02714,2
1403.2574,1
quant-ph/0211050,3
2310.19147,4
1610.02035,3
1212.0442,4
2308.07268,4
astro-ph/9710186,3
0812.3083,2
2009.04786,2
q-bio/0406008,1
1112.0796,1
2207.04004,2
2201.07590,1
q-bio/0405019,1
1411.2215,2
1601.00934,4
math/0411197,1
2211.16473,1
hep-ph/0309180,3
2206.02477,4
1803.10881,4
1912.04661,4
1909.12578,2
1508.07505,2
2012.11751,3
1509.06970,1
1606.07381,2
hep-ph/9510436,3
1309.7382,1
2110.03552,4
1908.01109,4
2212.11765,2
2311.04374,4
2005.09583,4
2209.12979,3
1705.07655,3
1503.03194,2
1110.5197,2
2311.03471,4
1611.01771,2
2309.10005,1
1508.01143,3
2307.00748,3
1502.05743,2
1009.4958,1
nucl-ex/9803002,3
2006.05002,1
1509.05954,2
1601.00085,2
1307.3358,1
q-bio/0606001,1
1206.3384,2
1608.00213,2
1603.03027,3
2107.12094,2
1905.01706,2
1709.00113,3
0710.4106,2
1602.08927,4
0802.3525,3
1006.2208,3
1510.00237,2
1806.01696,4
1503.06317,2
2002.04369,4
2107.12023,4
q-bio/0512023,1
1812.03526,2
1611.06217,4
2008.05875,4
2306.17111,4
1811.09549,2
cond-mat/0602208,3
2107.02242,2
hep-th/9209034,3
0806.3143,3
2308.08978,1
2009.10782,3
2201.08283,2
0709.1750,1
1508.07571,1
2111.09192,2
2209.09956,2
math-ph/0302065,3
astro-ph/0004380,3
2301.00092,4
2111.01911,2
2311.14577,2
0808.3870,1
2212.13145,4
2208.06907,4
1109.0642,2
2112.02067,3
2011.05589,2
1902.05899,1
1803.06922,2
1202.0375,3
2006.04428,4
1404.1180,2
1606.02045,2
2105.07727,4
2209.02590,1
1811.09309,2
1908.07662,1
2003.06218,2
2006.13784,3
1802.03756,2
2103.03300,2
2102.08754,4
2007.06847,1
2012.00219,4
2012.12325,1
1108.4393,2
2001.01860,2
1607.00077,2
hep-ph/0203264,3
2006.00737,4
2403.02124,1
2112.10447,2
2005.03453,1
1611.03015,4
0907.0645,2
2207.09943,4
2310.09578,2
2201.01433,2
1803.08474,1
2312.00955,4
1506.08391,1
0802.0220,2
2203.16809,4
1805.00387,2
2208.07305,2
1803.02136,1
0907.1827,2
math-ph/0504077,3
2310.00095,3
0809.0654,1
2006.01328,4
2308.09211,4
1806.09532,1
1001.4947,3
2309.08652,2
1307.8076,3
2401.07038,4
2212.11518,2
2309.04193,4
2004.13264,4
0911.2582,3
1811.09921,2
2108.06282,4
1906.10333,4
0705.3533,3
q-bio/0611018,1
1303.6067,3
0901.3719,1
2101.06675,2
1705.01472,3
2002.04595,3
hep-ph/0602020,3
2402.01856,3
2106.15094,4
2009.05732,1
1807.07925,4
2212.08297,2
2303.10306,4
1903.03887,2
1111.0924,3
2204.08986,4
1907.04147,4
1910.07018,4
2203.10867,1
2112.06192,4
hep-th/0401067,3
1612.02312,2
2102.06233,2
1406.0394,2
1805.11844,2
1508.02913,1
2301.01007,4
2301.00248,2
0805.3309,3
0908.1082,2
1407.4512,2
1102.3679,3
2005.09066,2
1012.3190,3
1806.01731,2
2102.03502,2
2206.09164,4
2007.04267,4
2006.00652,1
1701.00957,3
2105.05532,4
1610.05057,1
2011.09273,1
2401.16607,3
2109.00408,4
2304.10349,2
1602.06186,2
2403.05541,2
1607.01248,2
2102.01535,3
1802.03306,3
1411.1993,1
2308.10359,4
2312.03984,3
1607.07582,2
1607.02421,2
2111.14000,4
2003.14371,3
1511.09187,3
2101.12402,2
1707.05250,2
1903.11686,2
1902.10318,4
2109.03179,4
2309.07305,1
2010.11388,2
math/0610175,3
1301.3227,2
1205.6254,2
1703.05810,1
1104.1923,1
1903.07308,1
2102.09099,1
1112.2939,2
2402.05243,1
1805.12198,1
2203.11778,3
1810.01412,1
2303.05597,3
2310.07132,2
2209.04685,2
1811.08083,4
2010.01241,2
2204.02376,2
2108.13914,4
2211.13123,2
2206.06820,2
2110.11651,4
1902.09343,3
2106.16019,3
1802.04427,1
1505.05670,1
2110.04207,1
astro-ph/0112555,3
1712.05606,1
1501.00882,2
2306.01660,2
1612.04665,3
2112.06815,4
2010.07659,4
1102.1928,1
2108.11919,3
2003.05221,4
math/0702405,2
2307.07374,4
2110.12722,4
1705.08022,2
2208.08341,4
2308.00062,4
1505.07513,1
2010.04930,4
2105.10599,2
2202.00929,2
2108.04737,4
2208.01690,4
1010.5276,3
2105.04330,4
2212.04203,4
2303.00669,3
2009.10320,4
1905.07902,4
1402.4047,2
1903.05171,3
1505.00288,2
1012.0348,2
1910.09400,3
math/0702726,2
2002.02599,4
1407.8068,2
2004.01238,4
2209.02154,4
2305.13043,1
1506.04443,1
1711.02600,2
2106.12262,4
1603.03675,4
1607.05572,2
2402.06999,4
2402.18828,3
2308.01881,4
1202.3834,1
2209.08062,3
1909.04767,2
1710.06561,4
2209.05863,4
1802.05333,4
2008.12152,2
2205.12917,4
2104.02399,4
2108.06267,3
2203.09548,2
1906.09034,2
2301.11358,4
2106.10236,2
2302.09861,4
2012.12963,1
2206.00574,4
2308.11890,1
2203.10179,1
2206.12511,2
2206.10287,4
2209.04770,4
2103.03632,4
1906.07117,1
1305.5922,1
2302.08838,2
q-bio/0411016,1
2001.08262,3
2202.08117,4
2007.04909,2
2006.14869,4
2211.08919,2
1501.06589,3
q-bio/0510037,1
1301.0547,1
1112.0226,2
2011.09268,4
2103.05071,3
1408.6118,2
2312.00160,4
nucl-th/0611001,3
1409.6378,1
1704.07321,2
2012.02277,2
1701.07281,1
1912.08726,4
cond-mat/0505494,3
2303.08968,2
2004.04501,2
2008.06178,4
1912.12375,3
2304.12134,4
2311.07513,2
0802.2890,3
2107.08630,4
1104.1609,3
2301.10643,4
2211.00948,2
1907.03119,1
1904.12992,4
0810.3101,3
hep-th/0203253,3
2108.13707,4
1902.06941,2
2008.11530,3
2101.02288,2
2105.07815,4
1007.1121,3
astro-ph/0212049,3
2109.08945,1
1403.0627,2
2401.10370,2
2303.09507,3
1707.07625,3
2003.02111,3
0804.1690,1
2305.00700,4
1903.07737,2
1601.07961,2
2311.00013,4
2211.13567,4
2103.14907,1
2211.15260,2
hep-th/9702143,3
1409.0665,2
2402.14003,4
2211.12669,4
1006.2555,2
2005.03513,4
2102.02945,4
1812.06684,3
math/0611274,2
2106.01788,3
hep-ph/0104068,3
2107.03231,1
2103.00838,2
2311.12743,2
2208.02609,2
2105.08139,2
1810.07243,4
1901.06854,3
1410.2098,1
hep-th/0001214,3
1710.03007,3
2402.05276,4
2008.03355,2
2309.04020,4
2003.10674,2
2005.06878,4
1303.2333,1
2309.03133,2
2009.11580,4
1409.0747,3
0905.2504,3
2204.01284,2
hep-ex/0110037,3
1701.06279,1
2310.19543,4
2111.03825,4
1910.06463,2
1405.2384,2
0810.0868,1
2008.02041,4
2110.02693,4
1512.03641,2
1612.09469,2
q-bio/0512044,1
1710.08860,2
1409.3272,1
1001.3570,2
1201.2899,2
1805.11084,1
1905.10116,4
1209.1903,2
q-bio/0408019,1
1105.1109,1
2205.15738,4
0711.0985,3
1712.10141,3
2105.01040,4
2001.03838,4
0710.0631,3
1601.04351,2
1207.4074,1
2106.14824,2
2005.12784,4
2312.05827,2
0902.2386,3
2003.08556,1
2310.00197,4
2308.03654,1
1801.06677,4
1111.0977,1
2003.14276,4
1007.0504,3
1201.0106,2
1807.04179,3
2312.08017,3
2012.09648,2
hep-ph/0406109,3
1712.04802,4
1603.04766,1
1607.04488,2
1909.11219,4
1604.08495,3
2402.01322,3
1507.02679,3
astro-ph/0111084,3
2310.02773,4
astro-ph/0306616,3
2401.02565,1
1302.6883,3
1401.5666,2
1901.01485,4
cs/0610053,2
hep-ph/9505349,3
1503.01944,3
1707.09295,1
2007.01412,3
0908.1926,2
2012.05088,2
2301.13099,4
1302.2710,1
1907.05689,2
hep-th/0203141,3
2202.11671,4
cond-mat/0001339,3
2205.05002,4
2002.05193,4
2310.03435,4
0805.3408,3
1205.5369,2
2003.10433,1
2005.06636,4
2308.01596,4
2202.12511,4
1208.6486,2
2401.12856,2
2010.01197,2
2204.07904,1
1903.11804,2
2212.14372,2
1902.03327,4
0706.0194,1
0802.1407,2
2303.08613,4
2304.00438,4
1808.00296,4
1405.2609,2
1911.00996,1
2002.10566,4
0905.0781,2
1808.04878,4
2309.11595,4
quant-ph/0608171,3
2209.09649,2
2012.04410,3
1604.02454,1
2006.11988,1
2402.02489,1
2012.06856,2
2106.05503,4
2106.15208,2
1905.08042,2
1804.09043,2
1009.6150,3
2305.18145,4
1101.0446,2
2206.02344,4
0705.0912,1
2205.08334,3
1603.00987,2
1903.10859,1
2110.03070,4
2402.07287,3
1602.02492,1
2310.17701,3
1804.00820,2
0807.2732,3
2110.12218,4
2105.03683,4
1304.5156,2
2108.09763,2
2004.08730,1
2105.11892,4
1809.04334,1
2107.12420,4
1207.3479,3
2305.17523,2
2307.08649,2
2309.06383,4
1310.6822,2
2203.07063,1
1911.06893,2
1012.1293,3
1606.07857,3
2202.08825,1
0804.2716,3
1001.1616,2
2309.01764,4
q-bio/0403011,1
2110.10918,1
hep-ph/0002122,3
1211.1429,3
2008.13042,4
2304.07855,4
math/0512502,3
2306.12930,3
gr-qc/9908080,3
2205.10316,1
1611.02026,2
2207.02641,4
2304.00210,4
2102.12658,2
2203.10505,4
astro-ph/0305245,3
1710.07780,3
1010.3696,3
1208.3197,3
1401.5383,1
2201.00071,3
1712.08102,4
0902.2516,2
2401.05657,4
1511.00323,1
2006.07729,4
2103.04449,4
1209.3593,3
1810.03140,4
2009.05875,4
1309.1671,3
2310.17473,4
2209.15496,2
1601.00229,2
1303.0875,1
cond-mat/0405223,3
2311.07151,1
2312.00457,4
1611.01767,2
1808.02233,4
2309.07023,2
1403.2284,3
2002.05048,1
1502.06074,2
1902.06294,2
2202.04154,4
2306.04305,4
2310.04424,1
2206.00568,2
2104.11674,1
1301.1565,1
1904.12889,3
1111.3885,2
0705.0848,3
2303.08462,2
1906.04613,4
1608.00354,4
2110.03906,4
1903.00954,2
1305.6868,2
2112.09534,2
astro-ph/0008189,3
1108.5811,3
2001.00622,2
1702.02485,1
0911.0064,3
1604.06892,2
2111.03950,4
0711.2718,2
2005.07575,2
1710.04693,3
1303.5785,1
physics/0604195,3
q-bio/0604002,1
2402.11103,3
2109.13777,4
1204.0633,2
math/0610324,2
2103.03045,4
1706.02090,2
2004.05759,1
1605.07042,1
1301.0068,1
1603.01341,2
2212.07972,2
1609.00415,2
1601.05125,1
1701.02647,2
hep-ex/0408007,3
2211.06926,3
1703.00918,2
1108.5264,2
1812.08435,2
1009.1100,2
q-bio/0402042,1
1607.01619,2
2311.05847,1
2112.10542,4
astro-ph/0608622,3
1308.1704,2
2103.07407,2
1502.00882,2
2204.07220,4
1407.4490,1
q-bio/0410016,1
2212.07521,4
0901.2751,1
math/0601526,2
1102.0426,3
0807.5112,3
2210.01774,2
2309.08808,4
2101.09398,4
2311.16375,1
1209.5156,3
1603.00097,1
cond-mat/9703160,3
2204.10478,4
2302.01924,1
hep-th/9806043,3
2101.02287,2
2310.18736,4
cond-mat/0004452,3
1904.00111,4
2105.12432,2
1710.04818,2
2002.10034,1
1608.04987,1
2203.13887,4
2302.03135,4
2209.11950,1
astro-ph/0512512,3
cond-mat/0411335,3
2305.00033,1
1504.03934,2
2308.01364,1
2309.09299,4
1109.0828,2
1605.00307,2
2012.04489,3
1801.05041,4
2001.01518,2
0911.0589,1
2011.00143,4
1112.1814,1
1605.02628,1
1103.5968,2
2009.09614,4
2101.00399,4
1902.07343,4
2105.07284,1
2012.07161,3
2006.02048,4
1801.02925,4
1811.05742,3
1310.6526,2
2207.00685,4
2112.14312,3
2007.05543,3
2310.04125,2
2006.15306,4
1408.6279,2
1909.12184,3
2205.10627,1
1511.08272,1
2101.09214,2
1602.06335,1
2102.10947,3
2207.04346,4
2102.07008,4
q-bio/0408013,1
2307.01276,3
1504.03895,2
2012.11046,4
2104.07962,2
2211.01951,2
2305.08880,4
cond-mat/0601704,3
1401.2548,2
1211.2989,3
2402.09789,4
2210.17063,4
1411.1103,2
1512.06290,4
gr-qc/0605128,3
2001.11891,2
2106.06582,4
1811.05567,4
2204.13424,4
1306.4619,2
2212.00143,1
1909.02474,2
0904.1772,2
2102.02564,4
2202.02300,2
1602.05477,2
0907.0514,1
2401.17298,3
1811.08578,1
2004.06916,1
0906.3841,2
1702.02777,2
1003.1895,1
2003.06343,1
2208.12323,4
2211.07392,2
1602.06570,1
0712.1293,3
2211.10573,3
1908.02166,4
1507.04247,3
1706.01728,1
2010.05672,1
2111.09032,2
1401.7887,1
cond-mat/0203134,3
2201.01132,4
1811.04125,4
1907.12909,4
math-ph/0307041,3
1306.0858,3
2207.06564,4
1701.04167,2
2103.01313,1
1308.0077,3
2305.01475,1
2005.05196,4
2207.05303,4
2401.07728,2
2010.13554,4
1804.07392,2
2205.03706,4
2110.14836,3
1803.01389,2
astro-ph/0102254,3
1201.3749,1
0910.0928,1
1112.2379,2
0909.1690,2
1707.01457,2
2211.04349,2
2007.05933,2
2010.07289,2
1401.7170,2
1910.12358,4
2401.07152,4
1412.1991,2
1712.04594,4
1904.09165,4
2310.17517,4
1907.12623,4
1404.6790,1
2304.01049,1
1309.1138,2
1906.08357,4
hep-th/9310153,3
2205.00577,4
2201.03378,2
1907.12658,4
2307.15863,4
2107.07294,4
2204.10504,1
1703.01137,2
2311.12496,4
1902.00786,2
2402.15585,4
2103.03354,3
2307.14499,4
1507.02974,2
2310.12983,4
2205.02110,1
hep-th/0107260,3
1708.05713,2
2005.02181,1
1907.07036,4
1911.09985,2
2303.14249,4
1909.00836,4
2205.07077,2
2112.04621,3
astro-ph/9704164,3
mtrl-th/9607001,3
2301.11587,2
1712.02943,1
2112.05948,4
1603.07944,3
1205.0686,1
2101.02917,2
1809.02886,1
2310.06151,2
2402.05982,1
1609.04375,1
1310.7018,2
1908.00663,4
2008.07102,3
1608.02706,2
2105.09976,4
1203.5932,1
2212.03603,4
2203.10777,2
2006.11039,3
1911.09128,4
2307.05630,4
2202.11427,3
1507.02007,1
hep-th/9706090,3
2308.13899,4
2006.14045,4
1205.3555,2
0904.3748,3
1908.03264,1
1902.02463,1
0710.5817,1
2012.15252,3
1904.05921,2
1901.05113,2
2302.13928,3
2311.09972,4
1803.10376,2
1906.00296,4
1504.02516,2
2012.01850,4
2305.09317,1
1109.4471,3
1404.3347,2
2009.09993,2
2307.00622,4
1803.09020,4
2402.16609,2
2305.04748,2
q-bio/0611033,1
1208.0162,1
cond-mat/0305618,3
1901.00177,4
2303.16012,2
0912.4404,2
2312.07999,4
2106.12520,1
1903.11117,4
2308.16391,2
1805.06339,4
2311.00392,1
1408.3650,2
1310.3397,2
1808.03376,3
2303.11959,2
1811.03766,2
1907.12654,1
1608.06959,2
2305.03124,4
1402.1288,2
1505.05932,3
2101.12312,4
2002.12572,4
2401.14593,2
astro-ph/0304310,3
1301.4535,3
quant-ph/9802002,3
1302.4679,2
2005.06390,2
2103.02648,1
1907.01830,3
astro-ph/0612023,3
2107.07168,4
0803.1288,3
1808.03273,1
1902.09606,2
0802.3585,2
1908.07581,4
2208.10435,2
2006.05574,2
0901.1544,1
1708.01161,2
2206.14706,1
1912.07700,2
2209.07092,2
1505.06048,3
2307.05078,4
0805.1711,3
2104.07465,3
2307.14463,4
1709.06296,2
1704.03244,2
1208.3438,1
2305.10541,1
1405.3270,1
1806.00817,2
1505.03585,3
cs/0611084,1
2402.05272,2
1908.04057,1
1803.09005,1
2006.09723,2
2102.12547,3
2310.10797,2
1011.5343,2
2301.03659,1
2210.01267,4
q-bio/0412002,1
2012.11222,4
2006.04659,2
1610.01271,4
2206.14844,2
1305.5369,1
1906.02838,4
1505.02546,2
2401.00342,4
hep-th/9605190,3
1206.2966,4
2107.07850,3
1712.04475,3
1405.0369,1
0801.4047,2
nucl-th/0608025,3
2112.06032,4
2209.08213,4
2111.06519,3
1810.02004,4
2108.04152,1
hep-ph/9807266,3
1906.09608,3
2011.04198,3
2001.08759,3
1611.05690,2
2111.02696,3
1701.03512,2
2101.01389,1
1409.2023,2
1406.4114,2
1312.4592,3
1505.01550,2
1904.00117,1
2201.01818,1
2403.07920,1
2103.01672,3
2308.03507,4
2402.03953,2
2301.10153,2
1804.03110,4
2308.12470,4
2403.09155,4
2201.04266,4
2107.06194,2
2001.10384,2
2209.04406,1
2312.09479,4
1111.3365,3
0712.1219,1
2211.14903,4
2110.00778,3
1803.10318,1
1902.05342,3
physics/0106062,3
1906.04322,2
2301.00509,4
1209.4695,2
2310.02750,3
0903.0582,1
1102.3702,2
1912.02251,4
2106.12578,3
1908.04756,4
2010.04018,3
2105.11053,2
2306.14445,4
2105.14560,4
1810.11619,2
1906.10111,3
2308.03858,2
1005.0221,2
2108.02196,4
2305.10473,1
1106.5706,2
1908.02552,4
1711.06940,4
2004.00201,2
2107.06174,4
2310.14320,2
1906.11186,2
astro-ph/0603103,3
2105.12008,1
2312.10084,2
1902.10169,1
1310.7547,3
2205.11918,1
1905.02073,4
2110.07746,1
1812.04211,4
cond-mat/9805202,3
2006.11035,1
2403.00819,2
1909.02931,1
1312.3926,1
1709.06151,1
2205.07836,4
1902.05610,4
1906.10258,4
cond-mat/0411605,3
1004.4822,2
2203.13912,3
2307.01491,1
1704.02588,1
2103.16264,2
2008.09021,4
2011.13157,4
2005.02034,4
2105.10488,1
1909.05986,4
1802.00842,4
1509.06472,2
1911.09836,3
2101.06478,4
2010.05984,4
1409.5151,3
2012.00729,2
2207.11509,1
2303.06503,1
2112.04723,4
0707.4026,3
2104.10957,1
0903.1643,2
2311.17472,3
1405.7042,3
1210.6655,3
1207.4614,3
1303.0237,2
1306.3359,2
0802.4088,3
2010.04695,3
nucl-ex/0206008,3
2401.07818,4
1403.3638,2
2402.14763,4
2002.05143,2
1906.04631,4
2102.06671,4
1910.02951,1
2301.05333,2
1703.08807,2
1008.5058,2
1001.4603,1
1409.2575,2
1605.08365,3
1312.5983,1
q-bio/0501023,1
2105.00545,4
2311.15871,4
2002.09032,1
1907.08244,3
math/0505639,4
1103.5661,2
2201.05672,4
1210.0596,3
1908.02545,2
1510.01890,2
1504.03802,1
1411.7991,2
2304.01141,4
1812.06973,2
2008.00673,4
2111.06340,1
1011.4499,2
1809.03425,2
1803.03858,3
1906.07992,4
2402.12528,2
1808.08230,1
2312.02110,4
gr-qc/0101044,3
2106.12762,3
astro-ph/0611504,3
1705.01348,2
2304.11735,4
1612.06665,2
2302.04068,2
1102.3946,3
2205.00279,2
2103.12808,1
2211.00410,4
2112.03789,2
2210.10641,1
1703.03553,1
2302.12223,4
0706.2177,3
1105.2803,1
2308.08066,2
1303.2910,2
1112.5766,2
2402.17620,4
1404.5222,2
1107.0036,2
1406.6902,2
2106.00088,4
2312.07683,4
2310.08613,1
2206.12399,2
2310.02455,1
2207.02930,4
2107.00466,3
2211.07212,2
1907.06200,4
2401.11016,4
1409.1956,2
1912.05625,1
2310.15206,1
2103.01926,4
2206.03289,1
1701.07175,2
2312.03165,4
0912.1079,1
2003.08810,2
1301.2845,1
1501.04123,2
2008.01979,3
2012.11972,2
1910.06381,4
solv-int/9810013,3
2310.05924,3
gr-qc/9810041,3
1204.1230,3
1809.00697,4
1807.02819,3
1705.01446,2
2210.08698,4
2211.16647,1
1311.4503,2
astro-ph/0509750,3
nucl-ex/0309009,3
1401.6318,3
1710.05086,1
1603.03265,1
1801.00602,1
2009.00436,4
1410.0915,2
0910.5156,3
1905.12500,4
2301.13414,4
2101.10359,4
astro-ph/0610003,3
2108.10075,2
1002.0567,2
1609.00183,1
1107.0549,3
1901.11123,2
2107.12862,2
1402.6965,3
nlin/0605027,3
2110.07873,1
astro-ph/9802059,3
2211.12366,4
2305.16632,2
1606.02728,3
1910.09202,2
2006.10555,4
2201.02703,1
1904.12775,4
2110.08410,4
1305.6099,4
1605.04320,3
2308.10993,4
1201.4916,3
2108.02315,1
1906.09694,2
1808.05311,2
1307.1159,3
1908.11118,3
cond-mat/0608458,3
2007.15586,3
1508.05114,2
2204.11678,1
2312.14256,4
1105.6154,4
hep-th/0602241,3
1909.10129,4
1808.10532,4
1202.2401,3
1412.3948,2
2202.13426,1
2311.16410,3
2306.09239,1
1704.00301,1
1704.04559,3
1405.4907,3
2106.08272,1
2312.11530,2
quant-ph/0606009,3
2209.05914,4
1609.08880,1
1205.2878,2
1908.01866,1
1710.08677,3
2006.16383,2
1001.1916,2
1505.04921,2
0709.2027,1
2011.04256,2
2212.01267,2
1411.4622,3
2311.07067,4
1504.04774,2
hep-th/0303246,3
q-bio/0703055,1
cond-mat/0609015,3
1201.5448,2
cond-mat/0401034,3
1812.03566,4
2012.03854,4
1601.07019,1
1902.10100,4
2110.14929,4
1508.04748,2
1705.09727,3
2301.04687,4
1910.04648,4
astro-ph/0107310,3
1709.10374,1
1603.07225,2
2302.12670,4
2103.16330,4
1703.00308,2
1710.04901,3
2002.02966,4
2312.07520,4
2311.14204,4
1603.03577,1
2211.00871,2
2207.09016,4
2104.14662,4
1507.03080,3
2202.03927,4
1510.00767,1
2112.14846,4
2005.01835,4
2402.11864,2
2210.03224,3
1912.06307,4
2006.04727,2
2305.15279,1
1501.02895,3
2009.03151,4
2004.06420,2
1410.6752,1
nucl-th/0304083,3
0705.0053,2
2209.05559,2
0802.1171,3
2206.10475,4
hep-ex/9910062,3
1904.02487,3
2210.11003,4
0907.5599,2
1806.01166,2
2207.07055,4
2309.12927,1
1202.2559,2
0909.2341,2
1909.01970,2
1901.08826,2
1805.02605,2
gr-qc/0603122,3
1809.01977,3
2102.06232,4
1504.06031,2
2207.07343,4
1605.03440,1
1410.5120,3
1012.0190,3
2008.08387,4
2301.09016,4
1602.08429,2
2309.15712,3
1910.13960,2
2305.02604,4
1902.00766,2
2210.01109,2
quant-ph/0609233,3
1310.7521,3
2403.00785,2
0904.3132,4
1608.01276,1
1203.1309,3
2005.09717,4
q-bio/0510007,1
2303.05781,4
2110.12282,2
2312.05481,4
1707.02447,1
2007.01194,2
1501.00911,3
2112.03874,2
2109.05545,1
hep-ph/0011020,3
1007.1442,1
0909.0123,2
2203.12395,2
astro-ph/0101484,3
2106.10033,2
1401.1465,1
math/0609403,2
cond-mat/0407077,3
2307.10694,4
1902.02920,4
1804.01487,1
1210.2965,3
1008.2663,2
2301.08232,2
1705.09952,4
1412.7943,2
2002.00953,4
2006.16206,4
2203.06685,4
1509.03513,1
2112.05950,4
2209.05688,1
1802.03042,2
0806.4149,3
2210.02728,1
1708.07037,2
2106.02819,3
2310.09105,4
2103.04021,4
2003.13718,3
hep-ex/9802020,3
2009.08045,4
1403.6428,1
1202.2491,1
1607.07706,2
1908.01728,3
1601.06904,1
2212.14477,2
1705.01357,3
1809.01470,4
hep-lat/0110138,3
1406.7330,2
1104.4034,3
2402.11370,4
2311.06780,4
2301.12499,4
1912.06232,3
1205.2193,3
1907.06673,2
2203.12408,4
1504.05706,1
2311.11366,4
2110.00921,4
2109.00338,1
2101.01482,3
2203.13650,1
0910.3226,1
hep-th/0606215,3
2004.11279,2
2109.14861,4
2007.09911,2
2010.10132,2
1702.05315,2
2303.11399,4
2007.15419,4
2305.19089,4
2011.11485,4
physics/9912041,3
2102.04461,4
1012.3868,3
2310.04853,4
cond-mat/0502190,3
cond-mat/0607322,3
2109.09220,4
gr-qc/0111113,3
1803.04094,2
2108.05066,2
2308.13804,4
1206.2665,2
2303.08217,2
1311.0530,2
2203.08143,2
2209.06902,2
0812.3117,2
1602.03491,3
1810.04281,1
2207.12602,4
1801.00597,2
2112.01995,4
1511.01529,2
cond-mat/0210069,3
math/0612470,2
0707.1421,3
1801.08746,4
1402.4894,3
0909.3363,2
1607.05826,1
2002.10206,2
1310.1102,2
2211.07903,4
2109.12304,3
2107.09636,2
1902.05622,4
1403.8125,2
2211.06472,4
1205.6900,3
1702.05005,2
1511.08733,3
2108.13072,2
2010.15547,3
1309.0491,2
1906.10957,4
1801.03039,1
1611.09982,3
1908.05556,4
2212.05235,2
1611.03740,2
1202.3025,2
1210.2959,1
1806.01416,1
2009.07233,1
2311.06357,1
q-bio/0508044,1
1311.2961,1
2401.09097,1
2108.08465,4
hep-th/0606005,3
1306.5198,2
2311.03195,4
1808.07578,3
1803.07164,4
2401.12050,4
cond-mat/0109101,3
1103.3482,2
2003.10962,1
astro-ph/0511145,3
1801.04623,1
1801.03087,3
2010.08957,1
1207.5269,2
1906.05327,2
2201.11493,3
1304.7934,2
2109.07646,4
2111.10374,1
0710.0646,3
2002.08453,3
1008.4838,3
2305.13997,1
2003.05913,4
2103.14321,1
1607.02581,1
1904.11376,2
2202.11714,3
1511.05465,2
1311.4068,2
1904.09088,2
1804.00223,2
1911.06442,4
2307.03552,4
math/0702413,2
q-bio/0701051,1
1512.05322,3
2012.10390,1
hep-th/9709213,3
1405.7052,3
0909.3674,3
2303.05968,4
1801.02492,3
0910.2367,2
1407.0256,2
1312.6419,3
1205.1007,2
1909.02953,1
0704.0464,1
1909.11009,2
2006.06395,2
1307.2218,2
1801.03788,3
1501.03173,1
2111.07225,4
2401.05343,1
2206.02303,4
1901.02991,4
1407.6270,3
0912.2595,2
2307.05562,4
2311.17979,1
1503.02025,3
2207.00436,2
2002.00202,4
2312.10900,1
cond-mat/0310597,3
0802.2271,1
quant-ph/0507165,3
1703.08954,1
1411.2525,2
1308.4276,2
1709.03028,1
2109.01834,3
2008.13230,2
1512.00934,3
2008.08991,4
1910.11381,3
2205.05994,4
2110.14346,4
2212.14411,4
1909.05198,1
1904.12964,1
physics/0605079,3
1602.03043,2
2306.13677,4
gr-qc/9704050,3
1111.2998,1
astro-ph/0412039,3
2003.11352,2
2402.10308,1
2309.03984,2
1902.06143,4
2207.06273,2
2305.10695,2
1502.00824,2
1408.2617,3
1909.06313,3
1503.06528,3
2110.14914,2
2112.01772,4
2006.01693,1
1906.09671,4
1205.3417,1
1812.02017,1
1608.00720,3
2310.09013,4
1410.4245,3
2205.11953,4
2103.05646,3
1412.0508,3
2308.07920,3
2309.00630,2
2107.10377,2
1808.07523,3
1401.1891,2
1309.5076,1
1205.6542,2
1804.01958,1
1912.01129,2
2211.14150,3
hep-ph/0312220,3
2102.08666,3
1005.5536,1
1403.7478,1
2112.07464,2
2201.06694,4
2009.00212,4
1007.3262,3
1903.03363,1
1804.06652,3
1811.04232,4
2011.05067,2
2207.13190,1
2306.17179,2
2306.05433,2
1911.09813,4
1305.1868,2
1906.03828,4
2002.07037,3
2107.14033,2
2103.08447,2
1605.00499,4
1502.01912,2
2202.12452,4
2006.13921,2
cond-mat/0103553,3
2310.08801,1
2012.13650,4
1004.5267,3
1601.02246,2
0809.0301,2
cond-mat/9811366,3
1606.04247,1
1906.08200,1
1605.05247,1
1803.05244,2
2204.13392,4
2207.02880,1
2401.16942,4
1307.6723,3
gr-qc/0605120,3
2211.12892,2
2210.17373,4
1501.06396,1
1804.04283,2
2306.05593,4
2304.02057,3
1106.3600,1
1805.07610,4
2210.09133,2
2211.04558,4
2110.14598,1
2301.11237,4
0909.3891,2
2109.10978,3
2311.15829,4
1910.14191,1
2002.08371,3
2304.08440,2
1910.00258,2
2309.02183,4
1110.5518,2
2201.02729,2
1309.5053,2
2304.02472,2
1306.1781,2
astro-ph/0403703,3
1809.03885,2
1811.06135,4
1302.2312,2
1207.0450,3
2308.16152,3
1804.06711,2
1912.11060,2
1907.07412,4
1211.4210,1
2103.11772,2
2311.18555,4
2008.09653,4
1405.5842,2
2102.03172,2
2107.02081,3
2002.08760,4
1010.2110,2
2304.12554,4
1709.01437,1
2303.07822,4
2203.01729,2
1606.07831,2
1103.2214,2
1703.05049,2
2106.01756,1
q-bio/0506036,1
1012.2619,3
1708.07817,3
2204.05926,2
2109.01436,4
gr-qc/9604019,3
1104.5226,1
1510.08513,1
2208.04205,2
2205.00634,2
2312.13057,2
2206.06493,4
2112.13649,4
1907.01998,3
math/9806127,2
2108.07435,1
2312.14203,2
1804.07986,4
2301.13794,4
2301.11812,1
1607.00483,1
1506.01802,3
1908.02164,2
2305.01464,4
2002.00130,1
2007.07703,4
1201.0224,4
1603.03705,1
2111.01239,2
1009.5973,2
1204.3452,2
1811.02232,3
1511.03945,3
physics/0701023,3
2001.10488,2
1209.1444,1
2306.08559,4
2107.01978,2
2104.15062,4
0707.4418,1
2111.02306,4
1012.1297,4
2211.04586,4
2101.11808,3
math/0603316,2
hep-ph/9711274,3
2309.03730,4
1910.08202,4
1911.00467,4
1806.01743,2
1603.06416,1
1505.06690,3
2308.06907,4
1504.05138,1
1801.00266,2
2006.11036,1
2105.11184,2
2106.03176,4
2308.00913,4
2107.06782,2
1006.4016,3
2008.13472,2
1808.06529,3
2111.00972,4
1903.06751,2
2109.09043,4
1108.2971,3
1805.03980,2
1602.08467,2
1701.07379,1
2202.02029,4
0912.4312,2
1309.5156,2
2009.12696,1
2107.10001,2
1907.09206,4
1709.09117,4
1901.04861,4
1011.0790,3
1506.01139,3
1301.7334,1
2011.09226,2
2104.07822,4
1611.08330,2
2104.09675,1
1702.01385,2
2006.05970,3
1804.03349,4
2309.03910,1
2009.12841,1
2207.07767,2
2203.12486,4
1511.03744,2
2102.02649,1
2202.11031,4
1307.7925,1
2311.02690,2
2312.04401,3
2212.06025,4
math/0409520,3
0909.1563,1
2011.01762,3
1105.3669,1
1401.4122,1
2002.09394,4
2403.00523,2
2004.03384,1
1602.09078,2
2105.03951,1
0903.1531,2
1905.05023,2
0910.1916,1
hep-lat/0609021,3
2004.01011,1
astro-ph/9603016,3
2206.08437,4
1303.1174,3
2110.00774,2
astro-ph/0609809,3
2307.06145,4
1806.01229,4
cond-mat/9905251,3
2401.10722,2
1208.1633,3
1707.06621,3
physics/0508236,3
1312.1375,1
1712.00858,1
2306.15113,1
1705.08327,1
0711.1816,3
2005.05654,1
2112.07121,4
1912.08765,1
1012.5086,3
2212.03360,4
2201.02532,4
2212.02119,4
2110.11676,1
2001.11130,4
1907.02339,1
1711.00644,4
2110.01325,2
1104.5216,1
1501.01860,1
2302.05747,4
0708.0559,1
2208.04985,4
1801.02205,2
1410.7316,2
2202.07148,2
hep-ph/0205067,3
2208.10980,3
2210.14955,1
1809.01501,2
2207.13573,2
1910.04469,4
0909.3715,3
2006.00513,3
1903.00716,4
2211.06378,2
2010.01440,1
2304.14386,4
1910.03736,1
2302.13066,4
2312.08174,4
1907.12025,2
1810.05823,1
1005.0049,3
0909.4158,1
astro-ph/0206031,3
2003.09477,1
2006.14498,2
2212.00157,4
1401.2238,1
0805.4557,3
2307.06964,3
1305.2716,2
quant-ph/0304187,3
1408.2818,3
1907.11424,2
2205.03741,2
2009.07947,2
2006.15563,2
2109.07007,4
2309.16047,2
1505.07866,1
1611.02599,3
2001.09798,4
1401.6408,2
1307.7385,1
2311.00439,4
1008.3109,3
1011.5228,3
1911.01824,4
2303.16452,1
2107.02637,4
2307.10991,1
astro-ph/0301202,3
1802.06386,2
2103.13369,4
1604.03398,3
2111.01078,4
gr-qc/0402053,3
1110.5578,2
1910.09905,1
q-bio/0507011,1
1308.0879,1
1004.1053,2
1407.6468,3
2111.14354,1
2211.15573,2
2011.02364,3
2108.13474,4
2207.02744,4
1709.09570,4
1404.3555,2
1805.08091,1
1804.08153,4
1905.03281,3
2111.00450,4
2006.14409,4
2004.03190,2
2210.01227,2
1406.0139,1
1806.05172,1
2104.03802,4
1207.6474,1
1712.07857,1
1110.0256,1
1509.00136,2
2307.03594,4
2306.14247,4
2212.14259,2
2305.01821,1
1810.00411,4
1805.07669,3
2201.02804,4
2108.02838,2
1907.07582,4
1907.01119,2
1201.1782,2
2210.04797,2
1702.06072,3
2110.02474,4
1309.3479,2
2212.11655,3
1901.00948,3
2003.10047,1
1909.05591,4
2307.13841,4
astro-ph/0102491,3
2303.07250,1
2009.03202,2
q-bio/0401029,1
1807.08278,2
1903.10361,4
2008.04172,1
2002.06405,2
1810.07457,2
1908.04295,4
1308.5216,3
1202.2585,2
1402.1845,1
0708.3098,1
2008.07981,1
hep-ph/9706406,3
hep-ph/0106259,3
2312.02055,4
2304.07003,4
1308.2688,2
1011.0494,1
1507.07214,2
cond-mat/0207724,3
2403.02467,4
1612.04932,4
1811.07188,2
1511.09041,2
1906.03893,3
1812.00598,1
1709.02386,1
2108.11736,4
2212.04235,2
1705.01654,4
2203.09015,2
1005.2284,3
1103.5267,3
2306.07368,1
2004.04047,3
0904.1438,3
math/0509503,2
2103.00395,2
1211.0095,3
2202.05452,4
1609.09033,4
1402.5062,1
1309.3327,1
2205.00104,2
1910.13328,1
2309.01658,4
2310.14438,4
2302.02370,4
2303.05637,3
2106.00183,3
2402.13375,4
2210.14488,3
1011.5810,2
2301.00237,4
1809.10810,3
1104.0460,3
2207.01370,1
1507.04767,2
2106.02622,3
1812.09397,4
2012.04378,4
1207.3563,1
2312.03155,4
cond-mat/0002296,3
2210.16647,1
2312.11283,4
1710.03830,4
astro-ph/0502393,3
2305.14265,4
1908.05810,4
2206.02566,4
2305.06695,1
2005.07067,4
2102.08623,1
1807.08982,2
1804.04482,3
hep-th/9501058,3
2210.16679,2
2209.03218,4
2212.01048,2
2209.03377,3
2310.05322,2
1901.07356,3
1711.00974,3
1803.11233,4
2310.06538,1
1307.7795,1
1210.3456,1
1307.5540,2
1207.1932,2
2307.10297,1
2203.03497,4
q-bio/0404003,1
1910.01501,3
2112.07837,1
1812.11951,1
0912.5175,1
2301.03878,1
0909.1676,3
1403.3138,2
1207.0233,2
2212.03152,4
2203.06391,1
2110.14746,1
hep-ph/9803467,3
1902.06130,1
1209.4608,2
1906.02411,1
1404.2140,2
1809.03835,1
1006.2294,2
1801.02549,1
2009.12398,3
0911.4801,2
1302.1944,1
2104.00655,4
quant-ph/0303013,3
1404.7406,2
2401.06798,1
1809.06928,1
1905.09474,2
0709.1589,2
1906.11320,2
1703.07724,1
2311.06896,2
hep-th/9611176,3
1704.06678,1
2006.13489,4
2206.13119,4
1403.3265,1
0712.3419,3
1908.02988,4
1610.05383,2
1610.05703,2
1404.5252,1
1406.0045,1
1005.1358,2
2308.11279,3
2301.07175,1
2304.00626,4
2201.09791,3
2306.04606,4
1401.5035,1
1804.04170,2
2303.04647,4
1905.00175,4
2002.09656,2
2209.14737,4
0912.5427,2
1510.05875,2
2206.09657,2
1411.6341,1
1802.06520,2
1603.05828,2
1705.01620,1
2208.04316,3
1508.00770,3
2003.07967,2
1205.4089,2
2308.02817,4
0803.0100,3
2107.08407,3
2203.12460,2
1209.6110,3
2402.00788,4
2003.13473,1
1205.1163,2
1312.6450,1
2105.13151,4
2211.16282,4
2205.09140,1
2304.14545,4
2402.01699,4
2306.08105,2
2305.09563,4
1801.09956,2
hep-th/0311048,3
1909.03070,4
1911.05031,1
1807.09873,2
1907.07908,2
hep-ph/0306101,3
1509.08503,2
2301.08666,4
1404.0680,3
1309.7368,2
1012.5267,3
2010.08113,4
1612.01302,2
2205.13423,2
1005.1361,2
cond-mat/0005090,3
1110.6289,2
gr-qc/0602046,3
2112.09259,4
1912.08713,2
2012.08022,4
1801.08222,2
2402.00192,4
astro-ph/9611176,3
1605.07099,2
2204.10103,2
2005.00056,4
1405.3812,2
2305.05751,2
2208.14829,4
1905.05911,2
1401.2314,2
1909.09557,1
1410.0991,2
2207.08958,4
2305.16558,3
2111.09170,2
q-bio/0408015,1
1210.2945,1
0912.0928,1
cond-mat/0501516,3
1102.3534,2
1607.03314,3
2401.08333,1
2306.09855,1
2004.07081,1
2212.10301,4
1206.5756,2
2010.01492,4
2008.03672,2
1910.03068,2
1806.04752,1
2310.19830,1
2010.12240,3
2009.14135,1
cond-mat/0502636,3
2312.16099,4
1311.0118,2
1009.3189,3
1704.07152,2
2301.05057,1
1602.01070,2
2001.11761,1
1909.07914,1
1301.0381,2
2106.13812,3
2201.06898,4
2209.07451,4
1408.3165,3
1805.12520,3
1610.06598,1
1809.08403,2
2202.05245,4
1806.01221,4
2301.06450,2
1703.08282,2
0711.3922,3
1505.03874,2
2012.09820,2
1909.06455,1
1804.01208,4
1107.2120,3
1003.2321,2
2202.13980,1
2210.04774,4
1710.07855,1
2303.09415,4
2106.13081,1
1208.3851,1
1608.06781,2
1510.07999,3
1506.02802,2
2204.10517,1
cond-mat/0201540,3
1011.2958,2
2208.14121,4
1704.00847,2
1809.06153,2
2311.04946,2
1911.05462,2
2009.02513,1
2001.10092,4
1008.3718,2
1111.1757,3
2305.13343,1
1709.10038,4
2310.07253,1
math/0412332,2
physics/0202066,3
1110.1125,3
2306.07731,2
1611.01958,2
1707.07162,2
2310.10164,3
2104.01279,1
2312.16789,4
1910.06280,1
astro-ph/9610090,3
1612.05021,2
hep-ph/9604422,3
2112.13087,1
2403.03367,2
1204.2194,1
0803.3438,3
2306.15026,2
2006.04905,1
2206.12152,4
2303.13409,4
1604.00283,2
2210.14388,4
2209.03744,4
1912.10709,2
2211.10182,1
2304.12450,2
1307.0337,1
2206.01047,1
0710.5142,1
2007.04838,2
1803.05513,4
1504.01152,2
1608.00368,3
1509.02179,2
2401.13257,3
1608.02028,2
2206.00999,4
1909.01782,4
1601.06995,2
2010.09246,2
1204.6488,2
hep-ex/9907004,3
2012.10197,1
2204.06032,1
2311.15247,2
2205.03318,4
1407.8371,1
1411.6318,3
1809.04436,4
2306.16424,2
1901.11013,2
1308.1522,1
2001.09997,3
1410.6177,1
2210.06069,1
1701.01517,3
1710.02838,2
2303.07488,4
2105.08182,4
1106.2285,3
2106.12823,1
2401.03146,3
1309.4686,4
1901.02883,1
cond-mat/0204420,3
2006.04269,4
1905.03316,2
hep-lat/0209074,3
2210.02126,2
1509.07440,1
2002.11362,4
2012.08353,2
1911.04500,3
2308.07397,1
1707.02188,2
2112.10584,4
2310.08536,4
2311.07526,1
1210.4853,2
1209.3641,3
1809.06221,1
2203.13305,3
q-bio/0507008,1
2207.04929,4
2012.04571,4
1508.00104,1
1401.6844,3
1901.01651,1
2004.12369,4
2302.01233,4
cond-mat/0504283,3
2112.00685,3
2001.10627,4
2307.01719,2
2302.02269,2
2105.00358,4
1905.11184,4
2403.07152,4
math/0312496,1
1507.08505,1
1307.5569,3
2308.00065,2
2209.00391,4
2401.08542,3
1309.0606,3
2109.04785,1
1701.09159,3
1904.08332,4
2001.07236,3
2106.07612,4
1609.02108,2
2210.05562,4
1010.4589,3
2109.10946,2
2302.07961,1
2302.14423,4
2205.12835,3
2103.11371,4
1807.06993,4
1708.05070,1
2109.04434,1
1403.1548,2
2208.07970,4
1301.5497,2
1306.1882,2
2008.01202,1
1905.04820,1
1901.08539,3
2006.01979,2
1506.03172,1
1302.6011,2
2210.02005,3
1811.11557,4
2212.05650,4
2004.06676,2
1806.08278,4
0810.2153,3
1905.11833,1
2205.05614,2
1707.09609,2
1811.10045,4
2203.01121,1
2002.09968,4
1907.11725,3
1705.05622,3
hep-ph/0610022,3
1912.05635,2
1812.02993,4
2010.15966,4
1004.0437,3
1911.04529,4
nucl-th/9603046,3
2303.02336,3
2106.10770,4
2207.03883,2
nucl-th/9909082,3
2005.11854,1
q-bio/0406002,1
2303.08653,4
0708.1146,2
2402.09895,4
2008.09484,4
0903.4475,2
1802.08061,4
2403.06814,1
0908.0111,2
1702.04244,3
2205.10665,2
1408.3444,1
1807.07730,4
1710.08558,4
1310.3860,2
1404.2538,3
0709.4467,2
1406.3762,1
1411.0570,2
2101.09682,2
2007.09320,2
1005.3705,3
2011.03517,2
1501.04406,1
2103.08679,4
2004.11697,2
1211.4686,2
1604.02350,3
1506.00217,3
2201.08584,4
2309.04018,3
1906.11208,4
1202.0100,2
2306.12446,2
1203.6428,3
1805.12109,2
2401.13179,4
2105.11761,4
math/0307265,2
2105.03006,4
0706.0478,2
1508.02513,3
1910.12131,4
1211.1034,3
1906.09024,2
2306.08564,1
1612.06850,4
1408.5510,2
0912.2905,1
2310.18552,3
physics/0507168,3
2308.11597,4
nucl-th/0407024,3
1302.7238,2
2207.08812,1
2010.11343,1
2105.07069,1
2007.00185,4
2111.15175,1
1910.00073,4
2012.08002,2
2204.13726,4
1709.01198,2
1906.09353,4
1801.02702,4
2010.08122,4
1111.0892,3
math-ph/0412086,3
1907.07524,1
1306.6715,2
2304.02137,4
1809.09943,1
2303.02515,3
0708.2617,3
2203.12698,4
1512.00267,1
2203.13713,4
1110.0989,3
1502.02968,2
1609.00554,2
2008.04229,4
1211.7290,3
2202.01195,1
2003.05517,3
0905.2770,2
2005.05154,4
2011.14513,3
2305.14185,1
2210.01282,4
1607.00334,3
1606.04600,1
2201.11341,4
2012.01888,4
2112.00439,2
0807.3008,3
1805.11036,2
gr-qc/0307038,3
1706.07091,1
2209.13561,1
1902.10991,4
1402.1440,2
1905.08331,1
1002.0290,3
1401.1954,2
2205.06107,4
1510.08439,2
2104.01458,1
1805.11417,3
1710.02944,4
2112.00340,1
1102.4437,3
2011.11396,1
1911.08094,4
2009.09770,2
hep-th/0702042,3
2304.11160,4
2306.15336,3
1708.07636,2
2103.00060,4
2006.05192,4
2402.07908,4
0809.4687,3
2402.08547,4
2001.10586,4
1704.08066,4
1505.01187,1
1707.03436,4
1903.07948,4
q-bio/0509007,1
2307.12731,4
2005.14168,4
1612.01261,3
1709.03645,1
0910.2909,2
hep-th/0206049,3
1103.1908,3
1907.12408,4
2007.07319,2
1906.06665,4
cond-mat/9707270,3
astro-ph/0605162,3
1610.03958,2
1607.03430,2
1907.11172,3
cond-mat/0611490,3
2310.13166,3
1602.06765,2
1508.06368,3
cond-mat/0106437,3
1410.6133,3
2201.04312,3
2312.05898,4
1004.4773,3
1912.04174,1
1912.00030,3
2308.14375,4
1602.08417,1
1609.03538,3
cond-mat/0211268,3
1104.4609,3
2002.09878,3
1506.02975,1
1210.3851,2
1609.03337,1
2204.11124,3
1711.02048,4
2402.11580,2
1812.04345,4
2210.16880,2
2109.02276,1
1310.4067,2
1408.2575,1
1505.02030,1
2311.16792,3
1907.07343,4
2208.02516,4
cond-mat/9912188,3
1803.08807,4
1403.5599,2
0708.2542,2
2309.07701,1
2106.16081,4
1104.5326,2
1911.08509,1
1812.10925,4
2102.04745,3
2209.01645,3
1905.05813,2
1607.04532,4
2401.17688,4
1205.1506,3
0901.4555,3
cond-mat/0402483,3
1209.0646,2
0801.1599,2
1506.02789,2
1810.11299,2
2110.02953,2
1910.07122,1
0908.3110,3
0809.3070,1
1805.05606,2
1605.01354,2
2201.04117,1
1903.07429,1
1601.07628,2
2011.14990,1
1605.04941,2
2107.10306,2
0901.1945,2
2308.02364,4
1111.4637,2
2007.06358,3
2207.06558,4
0906.3968,2
1304.3474,3
2402.07134,2
2306.12863,4
1807.05727,3
1611.01280,2
1810.11091,2
1112.4335,3
2306.01313,1
1301.4881,2
hep-ph/0209343,3
1605.05040,3
1907.05072,2
2401.11958,2
1706.06285,2
math/0602532,2
2109.02872,2
2106.13202,1
2403.03299,4
2102.03937,4
1403.2050,2
1305.1495,1
1810.11709,3
0705.4487,2
2012.12982,4
1901.05051,1
hep-th/0204123,3
1804.09866,4
hep-ph/0310311,3
0811.2980,3
2311.16204,2
2202.04245,4
1809.09441,2
2011.09018,3
1309.4692,1
2201.06635,2
2305.11758,4
2007.09258,4
2302.09168,4
2204.04939,4
2312.00033,2
0706.2383,1
1508.00704,3
1502.04554,3
2103.01604,4
1309.2472,3
2109.06378,2
1307.2035,4
1808.05792,4
1509.01212,2
2002.10194,2
1601.07620,1
2007.11618,2
1907.02966,3
2402.06731,2
2108.01999,2
0901.2377,2
1705.09392,1
2309.15269,4
2101.08964,2
2305.14517,1
1809.01923,3
1811.02028,2
2101.00009,4
1507.07052,2
1105.2122,2
1402.2273,2
2107.08423,4
1708.04658,4
2108.07424,4
1201.1107,1
1012.3274,1
2303.08202,4
1112.1156,2
hep-ph/9603313,3
1501.05973,1
2209.12346,4
1109.0465,2
1301.0351,3
2006.15414,1
2211.02407,1
2305.11752,1
1812.10752,4
1601.02709,1
1712.00843,1
1701.00166,1
2205.08850,2
1908.08474,4
2312.10892,1
2206.01064,2
2006.02908,1
1904.09456,2
astro-ph/9605084,3
1510.01765,3
1701.01429,2
1907.12597,3
1012.3551,3
2303.08477,2
0803.1858,2
2205.08223,4
1701.06038,2
quant-ph/9910013,3
2204.07255,4
1110.4811,2
1308.0752,3
2108.09224,3
2312.06402,4
1810.04978,2
2207.11152,2
1309.2710,3
1507.00578,2
1410.3892,3
2301.07064,4
1710.02669,2
1910.10779,4
0708.1874,2
2305.18114,4
1904.05384,2
0911.1610,2
1908.09029,4
1709.10045,1
2007.05055,1
2007.11201,2
cond-mat/9811365,3
1810.12560,3
1607.03783,1
1806.07203,2
2212.04425,2
2401.13057,4
2007.05983,4
2205.09337,2
2203.16816,4
0710.3805,3
2003.03173,4
1505.06185,3
2004.06178,4
0710.5060,3
2010.00300,1
1010.4987,2
2011.10955,1
2007.06757,3
1702.03098,2
2010.04044,4
2103.09621,4
1810.01682,1
2402.12156,1
2206.11502,1
2007.14731,1
2112.06142,3
2107.03926,2
2212.14188,2
1711.04024,4
1612.06434,3
2005.06769,4
1312.2587,3
2212.04814,4
2310.16855,2
1005.1760,2
1009.3760,2
1201.6535,2
0912.1321,2
2005.02379,4
hep-ph/0210104,3
0902.0188,2
2011.06085,1
hep-ex/0701021,3
1609.04395,3
2007.05403,4
2202.12721,2
1912.04635,1
2002.00922,4
1708.09072,1
2112.13228,4
1112.6169,2
cond-mat/9607070,3
2310.12070,1
1105.3359,2
cond-mat/9706094,3
2207.09497,4
2101.08904,1
2202.10378,4
2311.13372,1
2309.14201,2
1710.08901,4
hep-lat/0110177,3
1912.01194,4
hep-lat/0001024,3
2210.00815,4
1310.1882,2
1810.04778,4
1807.08749,3
1908.09969,3
2106.09625,3
1802.05515,3
1408.0472,1
0907.5600,2
1903.12458,2
1909.09352,3
2106.10723,4
2301.01091,4
2201.07666,4
2303.02576,4
2310.01869,2
1709.07527,2
2310.07577,4
2112.13383,2
1811.09257,2
2305.09166,2
1406.6651,2
2004.12347,4
1103.1050,2
1905.06485,4
1705.09827,2
1806.08461,3
1512.00512,3
2108.10327,3
1802.09999,2
1911.10997,3
1806.06809,1
2106.01867,1
1912.02655,1
1602.08297,2
2209.10664,4
2112.15539,4
q-bio/0512031,1
1108.5596,2
2402.14538,4
q-bio/0404013,1
1909.06683,1
1608.02690,2
1902.07566,3
2209.10166,2
2112.15426,2
2008.05879,4
2104.12127,4
2004.04258,1
2011.06528,4
1908.07102,2
2201.08366,4
1402.1840,3
2007.08106,4
1210.7111,2
2312.09353,2
astro-ph/9506063,3
2103.00721,2
2312.08799,4
1801.10520,4
q-bio/0311034,1
2302.11438,1
2006.01852,4
1907.01056,2
1610.00256,2
2310.09544,4
1808.05981,3
2301.01109,4
2401.14665,1
1702.04967,2
1104.4016,3
1806.01457,4
2203.02599,2
2308.14196,4
2306.01683,1
2011.09485,3
1706.00780,1
0901.2070,2
1912.03651,2
1906.10592,1
2102.07441,4
2007.01722,4
1010.5154,2
1801.09605,3
1811.03601,1
2212.03351,4
1710.07030,2
2304.06099,3
1811.12502,4
2304.02249,3
q-bio/0702038,1
cond-mat/9706223,3
2110.04388,4
2205.11939,4
1907.11855,2
2104.14744,4
q-bio/0701054,1
1506.06276,3
1912.06724,1
2005.09905,3
cond-mat/0011038,3
2101.08145,2
1605.01219,1
2309.04547,2
0709.1501,3
hep-th/9902139,3
2011.06430,2
1009.1702,3
2010.01249,4
hep-ph/9609449,3
2101.06348,2
0908.1661,3
1711.02808,2
2306.07709,4
2403.04029,4
2109.04906,3
0804.0299,3
2103.00045,4
1512.06228,2
2106.12868,4
1811.08308,2
2112.01092,1
1111.3861,1
q-bio/0501009,1
2308.07577,4
1308.2326,2
2305.08778,2
1710.02931,1
2109.15211,4
1104.4010,2
2209.09671,3
2001.02966,2
2306.10950,2
2011.12350,1
2203.02687,1
2306.16393,4
hep-ex/9812027,3
2401.06611,4
2201.01827,4
2310.16806,4
1101.5844,3
1910.10382,4
astro-ph/9603072,3
q-bio/0601011,1
2308.04057,4
1811.03711,2
2208.03145,3
2105.04171,2
cond-mat/0009425,3
1802.08860,3
1910.05999,2
1710.06526,2
1008.0149,2
2103.07066,4
1910.07023,1
1609.00702,2
1009.3627,1
1801.02135,4
1703.10897,2
1810.01310,2
1209.3018,3
1606.04790,2
1711.08196,3
0809.2270,2
2102.12051,2
2009.12092,2
1410.7476,3
1005.0313,2
1912.06236,2
2002.10991,3
1111.1154,3
1202.4877,2
1811.05930,1
1911.04729,4
2010.10995,1
1503.08082,2
1912.02797,4
hep-th/0111162,3
1611.04735,3
1909.01739,2
1906.04834,1
0904.0729,2
1809.01983,2
1012.5691,3
cond-mat/9703018,3
2402.05092,3
1809.06505,4
1608.07215,3
2102.03823,1
1902.03660,3
1010.5750,3
2002.08416,1
1704.06550,2
1811.04223,2
2007.13804,4
1802.05870,4
2305.03041,1
2312.08171,4
2010.05117,4
1910.13668,2
2209.03945,4
2012.09562,1
1712.07248,4
1910.12805,3
1901.04689,2
1803.02502,3
1812.11908,3
2310.11533,3
1903.01511,4
1904.04217,4
1409.0003,2
2106.07362,2
2202.13856,4
1603.02834,1
1006.4138,3
quant-ph/0008119,3
2105.04073,2
1710.09314,3
0806.2636,1
1206.5062,3
1510.03798,3
2005.13692,1
2111.03134,1
0801.0263,3
1704.01174,2
2207.13307,1
2305.18673,3
2207.00495,4
1310.5017,1
q-bio/0703052,1
2308.13234,1
1109.2025,3
2208.14152,2
2302.05831,4
2101.08702,4
2205.04154,3
2010.03792,4
2302.11423,2
1807.03911,1
1609.04620,2
2012.02856,4
1104.1552,3
2311.05758,4
1107.2988,2
2003.08421,4
2301.04225,1
quant-ph/0411132,3
2311.13518,3
1609.09839,3
1704.01066,4
1612.01155,2
1506.04063,2
astro-ph/0308459,3
2312.15524,4
2006.05632,2
0905.2843,1
1209.3290,3
2210.08542,1
2111.03611,4
2004.09406,1
1911.03275,3
1807.07106,3
2308.07830,4
2306.08519,2
2009.14699,1
1211.4452,3
1912.02753,2
1410.4847,2
1810.11277,3
2302.10335,3
2007.04713,4
math/0503541,2
2212.08615,4
2211.15122,4
1302.3306,2
2111.07388,4
2001.00919,2
2208.00830,2
astro-ph/0001238,3
2301.02950,4
1210.0737,3
2210.01844,2
hep-lat/0409164,3
2302.00978,4
2108.03715,4
1010.0024,3
2104.07937,3
astro-ph/9912418,3
2102.05398,2
2403.04512,4
1707.04570,3
1305.4879,2
1612.08742,1
1809.09069,2
1911.00272,4
2201.12100,4
1912.11243,3
2007.05188,4
1910.12067,3
1304.5232,1
2009.04119,3
2301.01588,1
2402.11157,4
1909.12299,1
1608.01891,2
2202.01672,1
1909.06036,2
1706.09240,2
0907.0533,3
2206.12747,1
1108.3434,1
2304.11934,4
1512.02711,3
0908.0015,1
2302.03210,1
2201.03784,4
2105.06573,4
2108.07380,4
1002.2693,1
1905.05157,4
2010.03382,4
2402.04165,4
1609.04245,1
2207.09991,1
2010.04703,4
2311.04846,1
cond-mat/0702256,3
2207.14313,3
2301.05886,2
1909.10464,2
2306.17136,3
2008.00374,4
2207.07190,4
math/0301278,2
1409.6645,2
2211.03356,3
2106.04243,1
1211.1842,3
hep-th/9608068,3
2206.10054,4
2208.05204,1
1310.1342,2
2011.02978,3
2402.11209,4
1707.07797,2
1604.05082,1
1406.5852,2
1912.12146,4
gr-qc/9805022,3
1402.6204,2
2312.02465,4
1711.03560,4
2307.10872,4
2203.15567,3
2004.11753,1
2311.03224,2
1502.07321,2
1901.02936,1
2104.01499,3
1802.08667,4
2212.12083,3
1911.04447,1
2211.13830,4
2009.08814,2
2402.04662,2
1910.09100,1
1803.08321,3
1711.03534,2
2210.14220,3
2103.03505,4
1805.00668,4
1210.2493,3
2004.00030,3
1112.1607,2
1701.03611,1
1807.02227,2
1112.2638,2
2402.08075,1
0707.0870,3
hep-ex/0002038,3
2105.02457,4
1303.5441,3
1909.11943,1
2306.11580,2
1305.6717,1
0804.0162,2
1608.02375,1
2309.15983,4
2004.06888,1
2009.02486,4
2107.10583,1
2208.09742,3
2103.02732,4
2104.14189,1
2305.17830,2
2206.11359,4
1801.01533,1
0704.0745,2
1702.05036,2
1311.5120,2
2003.11716,1
1104.0948,3
1911.09343,4
2003.07338,4
1610.09990,1
cond-mat/0005123,3
2309.04181,4
1908.03342,1
2307.08011,4
1805.07298,1
1105.1613,3
2403.07998,2
2010.15047,1
1604.05437,3
2105.02728,2
1704.02342,1
1101.1435,3
2211.00520,4
q-bio/0311035,1
2006.14190,4
1911.06678,3
2009.02198,4
2107.04656,4
2005.04897,4
2111.02834,2
0806.4834,2
2307.12457,4
1902.00976,4
2401.07483,2
2306.05169,4
2009.08385,1
1711.04793,4
1805.05696,1
2007.08219,3
0705.0647,3
2312.09146,3
2010.16382,3
2202.09391,4
1712.03553,4
2002.07675,3
1004.5524,2
1509.08894,1
2402.14100,2
1507.00344,3
2010.07417,1
1010.3189,3
2312.07757,4
2301.03517,2
1902.09205,2
1810.08581,4
2006.14126,4
1912.04146,4
2304.10802,2
2304.08542,3
2103.06471,4
2306.11025,2
1001.0615,2
1701.02649,2
1207.1942,3
1107.0170,2
1904.07444,4
hep-ph/0010254,3
2109.09977,4
hep-ex/0009044,3
2306.08157,2
2105.01008,4
0810.4282,3
2104.00835,4
2307.12922,1
2305.00009,1
1506.01533,3
2201.13267,4
math/0407060,2
2202.05946,4
2402.15892,4
1001.5421,2
1508.01661,2
0706.3614,3
1607.08129,1
1711.00708,2
1708.05319,2
0809.1216,3
1310.4586,3
1609.02535,1
2102.02877,2
1404.3160,2
0903.3670,3
2009.02822,1
1901.00834,2
2303.07941,2
2006.14125,3
2010.08825,4
1608.02550,2
1302.0285,3
2309.01711,1
2007.11529,3
2006.11426,2
1608.07967,1
hep-ex/0110064,3
1105.0042,2
2401.11899,4
2312.07450,1
2301.06665,4
1807.08097,4
1710.04139,3
0803.0999,1
2107.08449,3
2401.01064,4
2308.02914,2
astro-ph/0104008,3
1904.01566,2
2402.11418,3
1305.1375,1
2301.13037,4
2206.05241,4
1708.07509,2
1809.08890,1
2212.09193,4
1609.00248,3
1401.8178,3
1903.09683,2
1406.2693,3
0804.2534,3
1210.5390,2
2312.05700,4
1811.11379,2
1807.08551,3
astro-ph/9710215,3
2203.12431,4
2102.03385,3
0807.1489,3
2304.09939,2
1808.09113,1
2101.05379,4
1912.07899,3
2301.06283,4
2309.03740,4
1406.4483,1
2212.12318,2
1910.13301,4
1306.0966,2
2110.02419,4
1803.00261,2
1709.05519,2
2006.07621,3
1111.6067,2
2301.10898,2
1811.07860,2
2304.06828,4
1810.13069,4
2111.06221,3
2010.04855,4
1911.07103,4
0810.1059,2
1501.02836,3
2311.14588,2
1404.2857,3
1807.03229,2
1304.6395,3
astro-ph/0608703,3
2003.05708,2
2108.10419,1
1902.02628,4
1712.00388,3
1302.3169,2
1611.02556,2
2211.15241,4
1909.09320,4
2201.06074,1
2302.05670,3
2111.13943,1
2002.03295,2
2110.10480,4
2203.06714,1
2010.10961,4
1807.03876,1
2305.09998,4
2106.02785,1
0809.5225,1
astro-ph/0211180,3
1703.07513,2
2211.06710,4
1511.04935,2
2105.01522,3
hep-ph/0407068,3
1501.04260,1
1405.7372,3
1908.03907,2
2003.02539,4
1607.04266,3
2102.12666,4
2106.00757,1
0712.3738,3
1402.1281,2
gr-qc/9811003,3
1806.04823,4
2006.06776,4
2112.12278,1
1806.01070,2
1205.6193,2
2301.02754,2
1004.1726,2
2005.10951,1
cond-mat/0502399,3
1004.1576,2
2102.03876,1
2109.08261,1
2305.09052,4
1607.00699,4
2306.11689,4
1606.09545,1
2307.04109,1
2310.07249,1
0906.5173,1
1603.08114,2
astro-ph/9611144,3
1603.09326,4
1211.6088,3
2104.10205,4
1910.09510,1
2011.08011,2
2302.06559,4
1703.03132,1
2311.06641,4
1507.07162,2
0712.0537,3
2210.04523,4
2306.05803,2
astro-ph/0109111,3
0803.0465,1
2003.07188,3
hep-th/0602188,3
2205.04604,2
1810.05094,2
1302.2782,3
2007.14229,1
2309.06693,4
0901.2378,1
1510.04841,2
1607.01110,2
1204.0305,2
2112.06708,2
1401.5257,3
2103.16918,2
1701.08443,1
2303.11118,2
2303.17564,2
2303.10642,1
1402.0910,2
1108.5440,3
1705.08217,1
2007.06885,3
cond-mat/0601284,3
2006.11335,3
1502.00358,2
0905.0220,2
2010.13892,2
2302.11829,4
1711.03288,3
astro-ph/0001398,3
1509.06926,1
2011.04545,2
2303.13611,1
gr-qc/0605053,3
1905.06721,2
2110.15102,2
1708.02809,1
1703.00125,1
1408.6697,3
2310.08115,4
1801.05305,4
0904.4656,3
2309.14160,4
2108.10504,2
1801.00369,4
2402.02482,4
2107.05592,2
2105.08664,2
2011.00257,1
1604.08037,2
1508.00684,1
2310.14723,3
0704.2358,3
1911.12243,3
1909.00294,4
1208.2865,1
0910.1883,3
hep-th/9703144,3
2302.13656,4
2008.00747,4
1404.7549,1
